ad_id,reporting_start,reporting_end,campaign_id,fb_campaign_id,age,gender,interest1,interest2,interest3,impressions,clicks,spent,total_conversion,approved_conversion,CTR,CPC,Conversion_Rate
708746,17-08-2017,17-08-2017,916,103916,30-34,M,15,17,17,7350,1,1.429999948,2,1,0.013605442,1.429999948,200
708749,17-08-2017,17-08-2017,916,103917,30-34,M,16,19,21,17861,2,1.820000023,2,0,0.011197581,0.910000012,100
708771,17-08-2017,17-08-2017,916,103920,30-34,M,20,25,22,693,0,0,1,0,0,0,0
708815,30-08-2017,30-08-2017,916,103928,30-34,M,28,32,32,4259,1,1.25,1,0,0.02347969,1.25,100
708818,17-08-2017,17-08-2017,916,103928,30-34,M,28,33,32,4133,1,1.289999962,1,1,0.0241955,1.289999962,100
708820,17-08-2017,17-08-2017,916,103929,30-34,M,29,30,30,1915,0,0,1,1,0,0,0
708889,17-08-2017,17-08-2017,916,103940,30-34,M,15,16,17,15615,3,4.769999981,1,0,0.019212296,1.589999994,33.33333333
708895,17-08-2017,17-08-2017,916,103941,30-34,M,16,20,18,10951,1,1.269999981,1,1,0.009131586,1.269999981,100
708953,17-08-2017,17-08-2017,916,103951,30-34,M,27,31,31,2355,1,1.5,1,0,0.042462845,1.5,100
708958,30-08-2017,30-08-2017,916,103952,30-34,M,28,32,31,9502,3,3.159999967,1,0,0.031572301,1.053333322,33.33333333
708979,30-08-2017,30-08-2017,916,103955,30-34,M,31,37,34,1224,0,0,1,0,0,0,0
709023,29-08-2017,29-08-2017,916,103962,30-34,M,7,8,8,735,0,0,1,0,0,0,0
709038,29-08-2017,29-08-2017,916,103965,30-34,M,16,20,22,5117,0,0,1,0,0,0,0
709040,29-08-2017,29-08-2017,916,103965,30-34,M,16,19,21,5120,0,0,1,0,0,0,0
709059,30-08-2017,30-08-2017,916,103968,30-34,M,20,26,23,14669,7,10.28000021,1,1,0.047719681,1.468571459,14.28571429
709105,30-08-2017,30-08-2017,916,103976,30-34,M,28,30,32,1241,0,0,1,1,0,0,0
709115,30-08-2017,30-08-2017,916,103978,30-34,M,30,34,31,2305,1,0.569999993,1,0,0.043383948,0.569999993,100
709124,30-08-2017,30-08-2017,916,103979,30-34,M,31,34,33,1024,0,0,1,1,0,0,0
709179,30-08-2017,30-08-2017,916,103988,35-39,M,15,16,17,4627,1,1.690000057,1,0,0.021612276,1.690000057,100
709183,30-08-2017,30-08-2017,916,103989,35-39,M,16,20,22,21026,4,4.630000114,2,1,0.019024065,1.157500029,50
709320,17-08-2017,17-08-2017,916,104012,35-39,M,15,21,20,1422,0,0,1,1,0,0,0
709323,17-08-2017,17-08-2017,916,104012,35-39,M,15,17,19,7132,2,2.609999895,1,0,0.028042625,1.304999948,50
709326,18-08-2017,18-08-2017,916,104013,35-39,M,16,22,22,12190,2,3.049999952,1,0,0.016406891,1.524999976,50
709327,18-08-2017,18-08-2017,916,104013,35-39,M,16,22,20,12193,2,3.059999943,1,1,0.016402854,1.529999972,50
709328,18-08-2017,18-08-2017,916,104013,35-39,M,16,19,18,3332,0,0,1,1,0,0,0
709455,18-08-2017,18-08-2017,916,104034,35-39,M,7,12,10,559,0,0,1,0,0,0,0
709544,18-08-2017,18-08-2017,916,104049,35-39,M,29,33,32,7440,2,2.980000019,1,1,0.02688172,1.49000001,50
709614,19-08-2017,19-08-2017,916,104061,40-44,M,16,19,20,19113,4,5.5200001,1,0,0.020928164,1.380000025,25
709756,19-08-2017,19-08-2017,916,104085,40-44,M,16,21,21,10976,2,1.690000057,1,1,0.018221574,0.845000029,50
709761,18-08-2017,18-08-2017,916,104085,40-44,M,16,19,20,2861,0,0,1,0,0,0,0
709899,18-08-2017,18-08-2017,916,104108,40-44,M,15,18,20,1398,0,0,1,1,0,0,0
709901,18-08-2017,18-08-2017,916,104109,40-44,M,16,18,20,23817,7,8.470000148,1,1,0.029390771,1.210000021,14.28571429
710045,17-08-2017,17-08-2017,916,104133,45-49,M,16,22,17,47224,12,15.82000017,1,0,0.025410808,1.318333348,8.333333333
710088,17-08-2017,17-08-2017,916,104140,45-49,M,24,26,27,2283,1,1.470000029,1,0,0.043802015,1.470000029,100
710360,17-08-2017,17-08-2017,916,104185,45-49,M,21,26,24,2182,1,1.529999971,1,1,0.045829514,1.529999971,100
710477,17-08-2017,17-08-2017,916,104205,30-34,F,16,19,19,2654,0,0,1,1,0,0,0
710480,17-08-2017,17-08-2017,916,104205,30-34,F,16,21,20,57665,14,18.06999969,1,1,0.024278158,1.290714264,7.142857143
710571,18-08-2017,18-08-2017,916,104220,30-34,F,32,37,38,3091,1,1.610000014,1,1,0.03235199,1.610000014,100
710617,18-08-2017,18-08-2017,916,104228,30-34,F,15,19,16,5014,1,1.190000057,1,0,0.019944156,1.190000057,100
710623,18-08-2017,18-08-2017,916,104229,30-34,F,16,19,20,38726,7,9.220000267,1,0,0.018075711,1.317142895,14.28571429
710628,17-08-2017,17-08-2017,916,104230,30-34,F,18,24,22,1473,0,0,1,0,0,0,0
710682,29-08-2017,29-08-2017,916,104239,30-34,F,27,33,32,1186,0,0,1,0,0,0,0
710763,29-08-2017,29-08-2017,916,104252,30-34,F,15,19,17,5369,1,1.50999999,1,0,0.018625442,1.50999999,100
710836,27-08-2017,27-08-2017,916,104265,30-34,F,29,33,31,22221,7,9.430000067,1,1,0.031501733,1.347142867,14.28571429
710867,26-08-2017,26-08-2017,916,104270,30-34,F,63,64,68,1185,0,0,1,0,0,0,0
710880,26-08-2017,26-08-2017,916,104272,30-34,F,65,70,68,13019,5,6.960000038,1,0,0.038405407,1.392000008,20
710961,27-08-2017,27-08-2017,916,104285,35-39,F,25,29,26,2508,1,1.220000029,1,0,0.039872408,1.220000029,100
710968,27-08-2017,27-08-2017,916,104287,35-39,F,27,31,29,5864,2,2.799999952,1,1,0.034106412,1.399999976,50
711217,27-08-2017,27-08-2017,916,104328,35-39,F,20,26,23,2783,1,1.600000024,1,0,0.035932447,1.600000024,100
711623,27-08-2017,27-08-2017,916,104396,40-44,F,15,18,20,3812,1,1.129999995,2,1,0.026232949,1.129999995,200
711764,27-08-2017,27-08-2017,916,104419,45-49,F,10,16,11,11199,4,5.730000019,1,1,0.035717475,1.432500005,25
711785,26-08-2017,26-08-2017,916,104423,45-49,F,19,25,23,292,0,0,1,0,0,0,0
711877,26-08-2017,26-08-2017,916,104438,45-49,F,63,67,65,17572,7,9.379999995,1,0,0.039836103,1.339999999,14.28571429
712052,25-08-2017,25-08-2017,916,104467,45-49,F,10,13,11,1448,0,0,1,1,0,0,0
734209,25-08-2017,25-08-2017,936,108654,30-34,M,10,16,14,1772,0,0,1,1,0,0,0
734210,25-08-2017,25-08-2017,936,108654,30-34,M,10,16,13,13329,4,5.629999995,1,1,0.030009753,1.407499999,25
734215,26-08-2017,26-08-2017,936,108655,30-34,M,15,19,17,13659,3,3.840000033,1,0,0.021963541,1.280000011,33.33333333
734243,26-08-2017,26-08-2017,936,108660,30-34,M,21,23,24,739,0,0,1,1,0,0,0
734266,26-08-2017,26-08-2017,936,108664,30-34,M,25,30,27,605,0,0,1,0,0,0,0
734272,26-08-2017,26-08-2017,936,108665,30-34,M,26,32,29,1030,0,0,1,0,0,0,0
734290,26-08-2017,26-08-2017,936,108668,30-34,M,29,32,35,5374,1,1.039999962,4,0,0.018608113,1.039999962,400
734313,26-08-2017,26-08-2017,936,108672,30-34,M,36,38,38,790,0,0,1,1,0,0,0
734314,27-08-2017,27-08-2017,936,108672,30-34,M,36,38,38,962,0,0,1,0,0,0,0
734352,27-08-2017,27-08-2017,936,108678,35-39,M,10,11,16,4423,1,1.460000038,1,1,0.022609089,1.460000038,100
734361,29-08-2017,29-08-2017,936,108680,35-39,M,16,19,19,12382,2,2.839999914,1,1,0.016152479,1.419999957,50
734381,29-08-2017,29-08-2017,936,108683,35-39,M,20,25,24,2938,1,1.350000024,1,1,0.03403676,1.350000024,100
734399,28-08-2017,28-08-2017,936,108686,35-39,M,23,24,27,239,0,0,1,0,0,0,0
734418,29-08-2017,29-08-2017,936,108689,35-39,M,26,27,28,591,0,0,1,0,0,0,0
734421,29-08-2017,29-08-2017,936,108690,35-39,M,27,29,32,10332,4,5.75,1,0,0.038714673,1.4375,25
734427,29-08-2017,29-08-2017,936,108691,35-39,M,28,29,31,8259,3,3.980000019,1,0,0.03632401,1.326666673,33.33333333
734433,29-08-2017,29-08-2017,936,108692,35-39,M,29,35,31,12158,3,4.449999928,1,0,0.024675111,1.483333309,33.33333333
734582,29-08-2017,29-08-2017,936,108716,40-44,M,29,33,33,7709,2,1.320000052,2,0,0.025943702,0.660000026,100
734605,28-08-2017,28-08-2017,936,108720,40-44,M,36,37,41,834,0,0,1,0,0,0,0
734660,28-08-2017,28-08-2017,936,108729,45-49,M,18,22,23,1299,0,0,2,0,0,0,0
734666,28-08-2017,28-08-2017,936,108730,45-49,M,19,24,20,371,0,0,1,0,0,0,0
734726,28-08-2017,28-08-2017,936,108740,45-49,M,29,30,35,10466,3,4.090000033,1,0,0.028664246,1.363333344,33.33333333
734737,27-08-2017,27-08-2017,936,108742,45-49,M,31,37,33,839,0,0,1,0,0,0,0
734785,28-08-2017,28-08-2017,936,108750,30-34,F,10,13,13,5576,1,1.529999971,1,1,0.017934003,1.529999971,100
734794,28-08-2017,28-08-2017,936,108752,30-34,F,16,19,17,4010,0,0,1,0,0,0,0
734796,28-08-2017,28-08-2017,936,108752,30-34,F,16,22,17,39337,7,10.03000009,1,1,0.017794951,1.432857156,14.28571429
734800,28-08-2017,28-08-2017,936,108753,30-34,F,18,20,20,1635,0,0,1,0,0,0,0
734803,28-08-2017,28-08-2017,936,108753,30-34,F,18,19,21,1631,0,0,1,0,0,0,0
734852,28-08-2017,28-08-2017,936,108761,30-34,F,26,30,29,13479,3,4.25,1,0,0.022256844,1.416666667,33.33333333
734854,19-08-2017,19-08-2017,936,108762,30-34,F,27,33,32,57022,13,20.29000032,3,3,0.022798218,1.560769255,23.07692308
734856,19-08-2017,19-08-2017,936,108762,30-34,F,27,28,32,5453,1,1.389999986,1,1,0.018338529,1.389999986,100
734866,20-08-2017,20-08-2017,936,108764,30-34,F,29,32,31,11803,3,4.440000057,1,0,0.025417267,1.480000019,33.33333333
734881,20-08-2017,20-08-2017,936,108766,30-34,F,31,32,34,4259,1,1.570000052,1,1,0.02347969,1.570000052,100
734901,20-08-2017,20-08-2017,936,108770,30-34,F,64,70,68,1554,0,0,1,0,0,0,0
734903,20-08-2017,20-08-2017,936,108770,30-34,F,64,69,67,5323,1,1.289999962,1,1,0.018786399,1.289999962,100
734925,20-08-2017,20-08-2017,936,108774,35-39,F,10,11,12,5024,1,1.409999967,1,1,0.019904459,1.409999967,100
734939,20-08-2017,20-08-2017,936,108776,35-39,F,16,19,22,104648,24,33.33000004,4,2,0.022934026,1.388750002,16.66666667
734968,20-08-2017,20-08-2017,936,108781,35-39,F,22,25,27,8504,3,3.340000093,1,1,0.035277516,1.113333364,33.33333333
734999,20-08-2017,20-08-2017,936,108786,35-39,F,27,32,32,20277,6,8.050000072,1,0,0.029590176,1.341666679,16.66666667
735014,19-08-2017,19-08-2017,936,108788,35-39,F,29,34,30,12403,4,5.210000038,1,1,0.032250262,1.30250001,25
735032,19-08-2017,19-08-2017,936,108791,35-39,F,32,33,34,498,0,0,1,1,0,0,0
735033,18-08-2017,18-08-2017,936,108792,35-39,F,36,40,40,652,0,0,0,0,0,0,
735043,18-08-2017,18-08-2017,936,108793,35-39,F,63,65,69,1357,0,0,1,1,0,0,0
735048,18-08-2017,18-08-2017,936,108794,35-39,F,64,65,68,1393,0,0,1,0,0,0,0
735065,19-08-2017,19-08-2017,936,108797,40-44,F,7,10,12,648,0,0,1,0,0,0,0
735109,19-08-2017,19-08-2017,936,108804,40-44,F,21,26,25,708,0,0,1,1,0,0,0
735140,19-08-2017,19-08-2017,936,108809,40-44,F,26,27,31,6907,2,2.349999964,1,0,0.028956131,1.174999982,50
735143,19-08-2017,19-08-2017,936,108810,40-44,F,27,28,30,39035,13,19.32999957,1,0,0.033303446,1.486923044,7.692307692
735151,19-08-2017,19-08-2017,936,108811,40-44,F,28,30,31,926,0,0,1,0,0,0,0
735184,19-08-2017,19-08-2017,936,108817,40-44,F,63,66,67,4412,1,1.450000048,1,0,0.022665458,1.450000048,100
735189,21-08-2017,21-08-2017,936,108818,40-44,F,64,65,66,9965,3,4.050000072,1,0,0.030105369,1.350000024,33.33333333
735213,21-08-2017,21-08-2017,936,108822,45-49,F,10,16,11,73634,23,32.97999978,1,0,0.031235571,1.433913034,4.347826087
735220,18-08-2017,18-08-2017,936,108823,45-49,F,15,17,17,69708,20,31.28999949,1,0,0.028691111,1.564499975,5
735242,18-08-2017,18-08-2017,936,108826,45-49,F,19,25,21,530,0,0,1,0,0,0,0
735247,18-08-2017,18-08-2017,936,108827,45-49,F,20,24,25,14257,6,8.789999962,1,0,0.04208459,1.464999994,16.66666667
735289,18-08-2017,18-08-2017,936,108834,45-49,F,27,30,30,20362,5,9.119999886,1,1,0.024555545,1.823999977,20
735290,18-08-2017,18-08-2017,936,108834,45-49,F,27,29,33,12215,4,6.26000011,1,0,0.032746623,1.565000028,25
735298,18-08-2017,18-08-2017,936,108836,45-49,F,29,31,32,85412,28,38.63999999,2,1,0.032782279,1.38,7.142857143
736869,18-08-2017,18-08-2017,936,109448,30-34,M,2,6,8,2338,1,0.239999995,1,0,0.0427716,0.239999995,100
736890,18-08-2017,18-08-2017,936,109451,30-34,M,15,16,20,2522,0,0,1,0,0,0,0
736893,18-08-2017,18-08-2017,936,109452,30-34,M,16,17,17,3587,0,0,1,0,0,0,0
736977,18-08-2017,18-08-2017,936,109470,30-34,M,27,30,28,1273,0,0,1,0,0,0,0
736988,21-08-2017,21-08-2017,936,109472,30-34,M,28,29,29,3891,1,1.090000033,1,0,0.025700334,1.090000033,100
736995,21-08-2017,21-08-2017,936,109473,30-34,M,29,34,34,1888,0,0,1,0,0,0,0
736997,21-08-2017,21-08-2017,936,109473,30-34,M,29,32,33,1895,0,0,1,0,0,0,0
737097,21-08-2017,21-08-2017,936,109498,35-39,M,7,10,11,715,0,0,1,0,0,0,0
737130,21-08-2017,21-08-2017,936,109507,35-39,M,16,19,18,11199,2,2.680000067,1,0,0.017858737,1.340000034,50
737320,18-08-2017,18-08-2017,936,109553,35-39,M,63,64,66,5676,2,3.00999999,1,0,0.035236082,1.504999995,50
737375,21-08-2017,21-08-2017,936,109565,40-44,M,10,11,11,1415,0,0,1,0,0,0,0
737524,21-08-2017,21-08-2017,936,109601,40-44,M,30,34,33,2148,1,1.580000043,1,1,0.046554935,1.580000043,100
737644,21-08-2017,21-08-2017,936,109629,45-49,M,16,22,17,45401,10,14.06000042,1,0,0.022025947,1.406000042,10
737657,18-08-2017,18-08-2017,936,109633,45-49,M,18,23,20,7478,2,2.900000095,1,1,0.026745119,1.450000048,50
737658,18-08-2017,18-08-2017,936,109633,45-49,M,18,19,24,4919,1,1.590000033,1,0,0.020329335,1.590000033,100
737674,20-08-2017,20-08-2017,936,109637,45-49,M,20,21,24,533,0,0,1,1,0,0,0
737766,20-08-2017,20-08-2017,936,109659,45-49,M,29,33,33,1447,0,0,1,1,0,0,0
737896,20-08-2017,20-08-2017,936,109689,30-34,F,16,21,22,17553,3,4.590000153,1,0,0.017091096,1.530000051,33.33333333
737931,20-08-2017,20-08-2017,936,109698,30-34,F,20,26,24,3343,1,0.540000021,1,0,0.029913252,0.540000021,100
737961,20-08-2017,20-08-2017,936,109706,30-34,F,23,29,28,523,0,0,1,0,0,0,0
737995,20-08-2017,20-08-2017,936,109714,30-34,F,26,27,31,1873,0,0,1,0,0,0,0
738006,20-08-2017,20-08-2017,936,109717,30-34,F,27,29,32,34740,7,13.41000009,1,1,0.020149683,1.915714299,14.28571429
738067,20-08-2017,20-08-2017,936,109731,30-34,F,32,37,36,658,0,0,1,0,0,0,0
738098,20-08-2017,20-08-2017,936,109738,30-34,F,64,70,68,1539,0,0,1,0,0,0,0
738307,20-08-2017,20-08-2017,936,109788,35-39,F,31,36,36,3010,1,0.860000014,1,1,0.033222591,0.860000014,100
738389,19-08-2017,19-08-2017,936,109808,40-44,F,10,16,12,27081,9,10.77000046,1,1,0.033233632,1.196666718,11.11111111
738408,19-08-2017,19-08-2017,936,109813,40-44,F,16,22,22,20233,4,5.590000153,3,0,0.019769683,1.397500038,75
738413,19-08-2017,19-08-2017,936,109813,40-44,F,16,17,19,147159,36,58.16000044,3,1,0.024463336,1.615555568,8.333333333
738423,19-08-2017,19-08-2017,936,109816,40-44,F,18,20,24,21664,7,10.61999977,1,1,0.032311669,1.517142824,14.28571429
738436,19-08-2017,19-08-2017,936,109820,40-44,F,19,21,20,9112,4,5.460000038,1,1,0.043898156,1.36500001,25
738463,20-08-2017,20-08-2017,936,109826,40-44,F,21,23,24,542,0,0,1,0,0,0,0
738528,19-08-2017,19-08-2017,936,109839,40-44,F,30,34,33,402,0,0,1,1,0,0,0
738560,19-08-2017,19-08-2017,936,109844,40-44,F,64,70,66,1338,0,0,1,0,0,0,0
738582,19-08-2017,19-08-2017,936,109848,45-49,F,10,16,12,46150,15,20.17999983,1,1,0.032502709,1.345333322,6.666666667
738592,20-08-2017,20-08-2017,936,109850,45-49,F,16,22,20,493821,116,176.3799977,4,1,0.023490293,1.520517222,3.448275862
738593,20-08-2017,20-08-2017,936,109850,45-49,F,16,17,21,92011,27,34.39000046,2,1,0.029344318,1.273703721,7.407407407
738598,21-08-2017,21-08-2017,936,109851,45-49,F,18,23,24,12956,4,5.49000001,1,1,0.030873726,1.372500003,25
738606,21-08-2017,21-08-2017,936,109852,45-49,F,19,20,23,529,0,0,1,0,0,0,0
738637,21-08-2017,21-08-2017,936,109857,45-49,F,24,26,30,944,1,1.419999957,1,0,0.105932203,1.419999957,100
738648,18-08-2017,18-08-2017,936,109859,45-49,F,26,30,27,111090,38,51.97000027,5,1,0.034206499,1.367631586,13.15789474
747212,18-08-2017,18-08-2017,936,110836,30-34,M,10,16,14,7208,2,3.190000057,1,0,0.027746948,1.595000029,50
747213,18-08-2017,18-08-2017,936,110836,30-34,M,10,12,11,1746,0,0,1,0,0,0,0
747220,18-08-2017,18-08-2017,936,110837,30-34,M,15,17,16,2474,0,0,2,2,0,0,0
747222,18-08-2017,18-08-2017,936,110838,30-34,M,16,22,20,12489,2,1.960000038,1,0,0.016014092,0.980000019,50
747223,18-08-2017,18-08-2017,936,110838,30-34,M,16,18,18,8032,1,0.600000024,2,0,0.012450199,0.600000024,200
747248,21-08-2017,21-08-2017,936,110842,30-34,M,21,24,24,472,0,0,1,1,0,0,0
747332,21-08-2017,21-08-2017,936,110856,30-34,M,64,68,65,792,0,0,1,1,0,0,0
747362,21-08-2017,21-08-2017,936,110861,35-39,M,15,16,18,4607,1,1.149999976,1,1,0.021706099,1.149999976,100
747369,21-08-2017,21-08-2017,936,110862,35-39,M,16,17,21,13355,2,3.180000067,1,1,0.014975665,1.590000034,50
747370,20-08-2017,20-08-2017,936,110862,35-39,M,16,17,19,2936,0,0,1,0,0,0,0
747401,21-08-2017,21-08-2017,936,110867,35-39,M,22,25,25,2793,1,0.980000019,1,1,0.035803795,0.980000019,100
747435,21-08-2017,21-08-2017,936,110873,35-39,M,28,29,30,1032,0,0,1,0,0,0,0
747439,21-08-2017,21-08-2017,936,110874,35-39,M,29,35,33,1662,0,0,1,1,0,0,0
747489,21-08-2017,21-08-2017,936,110882,40-44,M,2,7,6,4016,2,1.480000049,1,1,0.049800797,0.740000025,50
747514,21-08-2017,21-08-2017,936,110886,40-44,M,16,20,17,14843,3,2.939999938,1,1,0.020211548,0.979999979,33.33333333
747645,21-08-2017,21-08-2017,936,110908,45-49,M,10,14,13,9674,3,4.600000024,1,1,0.031010957,1.533333341,33.33333333
747659,25-08-2017,25-08-2017,936,110910,45-49,M,16,21,17,12186,2,2.669999957,1,0,0.016412276,1.334999979,50
747675,25-08-2017,25-08-2017,936,110913,45-49,M,20,22,21,673,0,0,1,0,0,0,0
747678,25-08-2017,25-08-2017,936,110914,45-49,M,21,27,23,370,0,0,1,1,0,0,0
747712,24-08-2017,24-08-2017,936,110919,45-49,M,26,30,29,450,0,0,1,1,0,0,0
747790,24-08-2017,24-08-2017,936,110932,30-34,F,10,12,14,2077,0,0,1,1,0,0,0
747791,25-08-2017,25-08-2017,936,110932,30-34,F,10,14,13,31393,8,10.96000051,1,1,0.025483388,1.370000064,12.5
747795,25-08-2017,25-08-2017,936,110933,30-34,F,15,21,18,8410,2,2.359999895,1,1,0.023781213,1.179999948,50
747798,25-08-2017,25-08-2017,936,110934,30-34,F,16,21,20,25884,5,7.350000143,1,0,0.019316953,1.470000029,20
747824,25-08-2017,25-08-2017,936,110938,30-34,F,21,24,23,608,0,0,1,1,0,0,0
747828,25-08-2017,25-08-2017,936,110939,30-34,F,22,24,24,28488,10,9.340000033,1,0,0.035102499,0.934000003,10
747852,24-08-2017,24-08-2017,936,110943,30-34,F,26,32,32,10126,3,4.619999886,1,0,0.029626704,1.539999962,33.33333333
747859,24-08-2017,24-08-2017,936,110944,30-34,F,27,32,33,22572,5,8.5,1,0,0.022151338,1.7,20
747863,24-08-2017,24-08-2017,936,110944,30-34,F,27,30,33,1955,0,0,1,1,0,0,0
747879,24-08-2017,24-08-2017,936,110947,30-34,F,30,36,31,493,0,0,1,0,0,0,0
747903,24-08-2017,24-08-2017,936,110951,30-34,F,63,69,69,1491,0,0,1,1,0,0,0
747911,24-08-2017,24-08-2017,936,110952,30-34,F,64,66,66,1495,0,0,1,1,0,0,0
747968,24-08-2017,24-08-2017,936,110962,35-39,F,21,27,24,512,0,0,0,0,0,0,
747991,24-08-2017,24-08-2017,936,110966,35-39,F,25,31,27,4868,2,2.420000076,1,0,0.041084634,1.210000038,50
748000,24-08-2017,24-08-2017,936,110967,35-39,F,26,27,32,6585,2,2.950000048,1,0,0.030372058,1.475000024,50
748007,24-08-2017,24-08-2017,936,110968,35-39,F,27,29,28,10164,2,3.720000029,1,1,0.019677292,1.860000015,50
748014,24-08-2017,24-08-2017,936,110970,35-39,F,29,31,35,11182,4,4.449999809,1,0,0.035771776,1.112499952,25
748045,25-08-2017,25-08-2017,936,110975,35-39,F,63,69,64,1238,0,0,1,0,0,0,0
748086,25-08-2017,25-08-2017,936,110982,40-44,F,16,19,18,34127,8,13.07000017,1,0,0.02344185,1.633750021,12.5
748087,26-08-2017,26-08-2017,936,110982,40-44,F,16,22,19,29466,7,10.84999967,2,0,0.023756194,1.549999953,28.57142857
748089,26-08-2017,26-08-2017,936,110982,40-44,F,16,18,21,38759,9,10.84999967,1,0,0.023220413,1.205555519,11.11111111
748091,26-08-2017,26-08-2017,936,110982,40-44,F,16,17,19,41720,10,12.06000006,1,1,0.023969319,1.206000006,10
748225,26-08-2017,26-08-2017,936,111005,45-49,F,15,16,17,18602,5,8.860000134,1,0,0.02687883,1.772000027,20
748230,26-08-2017,26-08-2017,936,111006,45-49,F,16,17,20,83929,21,27.72999954,4,1,0.025021149,1.320476169,19.04761905
748231,27-08-2017,27-08-2017,936,111006,45-49,F,16,18,21,25194,6,7.349999905,1,0,0.023815194,1.224999984,16.66666667
748233,27-08-2017,27-08-2017,936,111006,45-49,F,16,22,18,78627,19,26.53000045,1,0,0.024164727,1.396315813,5.263157895
748235,26-08-2017,26-08-2017,936,111006,45-49,F,16,18,19,102695,25,39.42999983,3,0,0.024343931,1.577199993,12
748294,26-08-2017,26-08-2017,936,111016,45-49,F,27,32,31,82827,24,47.93000031,3,0,0.028976059,1.997083346,12.5
748295,26-08-2017,26-08-2017,936,111016,45-49,F,27,31,32,9240,3,6.039999962,1,0,0.032467532,2.013333321,33.33333333
748303,25-08-2017,25-08-2017,936,111018,45-49,F,29,32,33,7706,2,2.369999886,1,0,0.025953802,1.184999943,50
748314,25-08-2017,25-08-2017,936,111020,45-49,F,31,34,32,7821,4,6.340000153,1,1,0.051144355,1.585000038,25
748341,25-08-2017,25-08-2017,936,111024,45-49,F,64,67,68,1363,0,0,1,1,0,0,0
776318,25-08-2017,25-08-2017,936,115484,45-49,F,15,16,19,3569,0,0,1,1,0,0,0
776322,25-08-2017,25-08-2017,936,115485,45-49,F,16,21,20,119063,34,53.21999949,1,0,0.028556311,1.565294103,2.941176471
776323,26-08-2017,26-08-2017,936,115485,45-49,F,16,17,18,99078,23,35.79999948,2,0,0.023214033,1.556521717,8.695652174
776325,26-08-2017,26-08-2017,936,115485,45-49,F,16,19,20,452398,114,180.2200012,1,0,0.02519905,1.580877204,0.877192982
776334,26-08-2017,26-08-2017,936,115487,45-49,F,10,12,16,191223,48,76.41000056,1,0,0.025101583,1.591875012,2.083333333
776336,26-08-2017,26-08-2017,936,115487,45-49,F,10,15,14,22216,6,9.549999952,1,0,0.027007562,1.591666659,16.66666667
776338,23-08-2017,23-08-2017,936,115487,45-49,F,10,12,11,48291,11,18.01999998,1,0,0.022778572,1.638181816,9.090909091
776353,23-08-2017,23-08-2017,936,115490,40-44,F,63,66,67,27559,8,13.37,1,0,0.029028629,1.67125,12.5
776373,21-08-2017,21-08-2017,936,115493,45-49,F,25,27,27,10194,4,4.590000033,2,1,0.039238768,1.147500008,50
776383,21-08-2017,21-08-2017,936,115495,45-49,F,23,27,29,1168,0,0,1,1,0,0,0
776405,21-08-2017,21-08-2017,936,115498,45-49,F,21,25,22,40126,16,25.86000001,1,0,0.039874396,1.616250001,6.25
776416,21-08-2017,21-08-2017,936,115500,45-49,F,19,22,20,3659,1,0.49000001,1,1,0.027329872,0.49000001,100
776430,22-08-2017,22-08-2017,936,115503,30-34,M,10,14,16,3200,0,0,1,0,0,0,0
776464,22-08-2017,22-08-2017,936,115508,45-49,F,29,30,31,7550,1,1.679999948,1,1,0.013245033,1.679999948,100
776469,22-08-2017,22-08-2017,936,115509,45-49,F,28,33,29,45397,15,25.41999936,1,1,0.033041831,1.694666624,6.666666667
776473,22-08-2017,22-08-2017,936,115510,30-34,M,16,22,22,23086,2,3.310000062,1,1,0.008663259,1.655000031,50
776475,21-08-2017,21-08-2017,936,115510,30-34,M,16,21,20,16425,1,1.549999952,1,0,0.00608828,1.549999952,100
776476,21-08-2017,21-08-2017,936,115510,30-34,M,16,17,18,43756,5,5.439999938,0,0,0.011427004,1.087999988,0
776477,21-08-2017,21-08-2017,936,115510,30-34,M,16,22,17,9982,0,0,1,0,0,0,0
776489,21-08-2017,21-08-2017,936,115512,45-49,F,26,31,28,175389,55,81.60999787,1,0,0.031358865,1.483818143,1.818181818
776494,21-08-2017,21-08-2017,936,115513,30-34,M,15,16,16,7015,0,0,1,0,0,0,0
776515,21-08-2017,21-08-2017,936,115517,45-49,F,65,68,68,12706,3,4.98999989,1,1,0.023610892,1.663333297,33.33333333
776519,21-08-2017,21-08-2017,936,115517,45-49,F,65,71,67,70702,20,31.7099998,1,0,0.028287743,1.58549999,5
776533,21-08-2017,21-08-2017,936,115520,45-49,F,63,64,68,63927,16,25.52000046,2,0,0.025028548,1.595000029,12.5
776534,21-08-2017,21-08-2017,936,115520,45-49,F,63,69,67,15105,3,4.25999999,1,0,0.019860973,1.419999997,33.33333333
776538,21-08-2017,21-08-2017,936,115521,30-34,F,15,16,19,8774,1,1.830000043,1,0,0.01139731,1.830000043,100
776551,21-08-2017,21-08-2017,936,115523,30-34,F,16,18,22,14459,1,1.389999986,1,0,0.006916108,1.389999986,100
776552,22-08-2017,22-08-2017,936,115523,30-34,F,16,17,18,21596,2,2.809999943,1,0,0.009260974,1.404999972,50
776553,22-08-2017,22-08-2017,936,115523,30-34,F,16,21,17,66765,8,11.04999971,1,0,0.011982326,1.381249964,12.5
776563,23-08-2017,23-08-2017,936,115525,30-34,F,7,9,13,1369,0,0,1,1,0,0,0
776579,23-08-2017,23-08-2017,936,115527,30-34,F,10,13,14,26910,5,7.229999781,1,0,0.018580453,1.445999956,20
776603,23-08-2017,23-08-2017,936,115531,30-34,F,2,3,6,506,0,0,1,0,0,0,0
776615,23-08-2017,23-08-2017,936,115533,45-49,M,63,66,68,11988,3,4.269999862,1,0,0.025025025,1.423333287,33.33333333
776623,23-08-2017,23-08-2017,936,115535,45-49,M,64,69,65,19353,6,9.4799999,1,1,0.031002945,1.579999983,16.66666667
776631,23-08-2017,23-08-2017,936,115536,40-44,M,29,35,33,10960,2,2.890000105,1,0,0.018248175,1.445000053,50
776643,23-08-2017,23-08-2017,936,115538,30-34,M,15,18,18,33491,6,10.56999969,2,1,0.017915261,1.761666615,33.33333333
776644,23-08-2017,23-08-2017,936,115538,30-34,M,15,21,20,20083,2,3.200000048,2,1,0.009958672,1.600000024,100
776659,23-08-2017,23-08-2017,936,115541,30-34,M,16,19,22,8817,0,0,1,1,0,0,0
776661,23-08-2017,23-08-2017,936,115541,30-34,M,16,18,22,15466,1,0.970000029,1,0,0.006465796,0.970000029,100
776662,22-08-2017,22-08-2017,936,115541,30-34,M,16,18,22,27072,3,4.370000005,1,0,0.01108156,1.456666668,33.33333333
776663,22-08-2017,22-08-2017,936,115541,30-34,M,16,19,22,15753,1,0.569999993,1,1,0.006347997,0.569999993,100
776668,22-08-2017,22-08-2017,936,115542,40-44,M,19,21,24,3523,1,1.809999943,1,1,0.028384899,1.809999943,100
776685,22-08-2017,22-08-2017,936,115545,40-44,M,16,22,17,7745,0,0,1,0,0,0,0
776686,22-08-2017,22-08-2017,936,115545,40-44,M,16,17,21,18709,2,3.319999933,1,0,0.010690042,1.659999967,50
776687,23-08-2017,23-08-2017,936,115545,40-44,M,16,20,20,8022,0,0,2,1,0,0,0
776696,22-08-2017,22-08-2017,936,115547,30-34,M,10,11,12,7966,1,1.179999948,1,1,0.012553352,1.179999948,100
776697,22-08-2017,22-08-2017,936,115547,30-34,M,10,14,13,4132,0,0,1,1,0,0,0
776698,22-08-2017,22-08-2017,936,115547,30-34,M,10,14,16,12785,3,4.730000019,2,1,0.023464998,1.576666673,66.66666667
776699,27-08-2017,27-08-2017,936,115547,30-34,M,10,16,16,8213,1,1.379999995,1,1,0.012175819,1.379999995,100
776722,27-08-2017,27-08-2017,936,115551,30-34,M,2,4,7,545,0,0,1,1,0,0,0
776725,22-08-2017,22-08-2017,936,115552,40-44,M,23,26,27,2479,1,1.25999999,1,0,0.040338846,1.25999999,100
776780,22-08-2017,22-08-2017,936,115561,40-44,M,2,4,3,3812,2,3.049999952,1,0,0.052465897,1.524999976,50
776793,22-08-2017,22-08-2017,936,115563,45-49,M,21,23,26,1609,0,0,1,0,0,0,0
776799,22-08-2017,22-08-2017,936,115564,45-49,M,20,22,26,10257,3,3.579999924,1,1,0.029248318,1.193333308,33.33333333
776817,22-08-2017,22-08-2017,936,115567,40-44,M,10,14,16,12356,4,6.279999971,1,0,0.032372936,1.569999993,25
776825,23-08-2017,23-08-2017,936,115568,45-49,M,18,23,20,7410,1,1.210000038,1,0,0.013495277,1.210000038,100
776829,23-08-2017,23-08-2017,936,115569,45-49,M,16,20,19,140098,28,46.63000011,1,0,0.01998601,1.665357147,3.571428571
776831,22-08-2017,22-08-2017,936,115569,45-49,M,16,18,20,107021,20,34.44000012,1,0,0.018687921,1.722000006,5
776840,22-08-2017,22-08-2017,936,115571,35-39,M,36,38,40,2797,1,1.289999962,1,0,0.035752592,1.289999962,100
776861,22-08-2017,22-08-2017,936,115574,45-49,M,7,9,12,16461,6,9.21999979,1,0,0.03644979,1.536666632,16.66666667
776892,30-08-2017,30-08-2017,936,115580,40-44,M,63,66,69,17488,5,7.719999909,1,0,0.028591034,1.543999982,20
776928,30-08-2017,30-08-2017,936,115586,35-39,M,10,11,15,9750,2,1.5,1,1,0.020512821,0.75,50
776935,30-08-2017,30-08-2017,936,115587,45-49,M,36,41,38,1136,0,0,1,1,0,0,0
777105,30-08-2017,30-08-2017,936,115615,45-49,M,63,67,67,4333,1,0.180000007,1,1,0.023078698,0.180000007,100
777130,30-08-2017,30-08-2017,936,115619,35-39,M,16,21,22,6260,0,0,1,0,0,0,0
777131,22-08-2017,22-08-2017,936,115619,35-39,M,16,19,21,6359,0,0,1,0,0,0,0
777166,30-08-2017,30-08-2017,936,115625,30-34,M,63,69,65,2383,0,0,1,1,0,0,0
777187,30-08-2017,30-08-2017,936,115629,40-44,M,27,31,28,11292,3,5.389999866,1,1,0.026567481,1.796666622,33.33333333
777198,30-08-2017,30-08-2017,936,115631,30-34,M,64,70,69,12729,4,5.779999852,1,0,0.031424307,1.444999963,25
777200,23-08-2017,23-08-2017,936,115631,30-34,M,64,69,70,1898,0,0,1,1,0,0,0
777201,23-08-2017,23-08-2017,936,115631,30-34,M,64,69,65,1882,0,0,1,1,0,0,0
777235,24-08-2017,24-08-2017,936,115637,30-34,M,65,66,67,2883,1,0.99000001,1,1,0.034686091,0.99000001,100
777248,24-08-2017,24-08-2017,936,115639,30-34,F,7,9,10,3989,1,1.279999971,1,0,0.02506894,1.279999971,100
777261,24-08-2017,24-08-2017,936,115641,40-44,M,29,31,34,19603,4,5.279999971,1,1,0.02040504,1.319999993,25
777382,25-08-2017,25-08-2017,936,115675,40-44,M,24,26,27,3047,1,1.379999995,1,0,0.032819166,1.379999995,100
777398,25-08-2017,25-08-2017,936,115677,35-39,M,24,27,30,3029,1,1.049999952,1,1,0.033014196,1.049999952,100
777410,25-08-2017,25-08-2017,936,115679,45-49,M,26,29,28,3490,1,1.340000033,1,1,0.028653295,1.340000033,100
777482,25-08-2017,25-08-2017,936,115691,45-49,M,28,32,32,2479,0,0,1,0,0,0,0
777495,25-08-2017,25-08-2017,936,115693,40-44,M,19,25,25,19581,7,10.42999983,2,0,0.03574894,1.489999976,28.57142857
777519,24-08-2017,24-08-2017,936,115697,45-49,M,29,34,32,19537,5,6.099999905,1,0,0.025592466,1.219999981,20
777625,24-08-2017,24-08-2017,936,115715,45-49,M,16,17,19,59433,12,19.65999949,3,0,0.020190803,1.638333291,25
777627,23-08-2017,23-08-2017,936,115715,45-49,M,16,17,19,157534,33,56.19000077,2,0,0.020947859,1.702727296,6.060606061
777638,23-08-2017,23-08-2017,936,115717,40-44,M,7,10,12,1781,0,0,1,1,0,0,0
777670,23-08-2017,23-08-2017,936,115723,40-44,M,16,19,19,23769,4,6.029999852,1,0,0.016828642,1.507499963,25
777673,23-08-2017,23-08-2017,936,115723,40-44,M,16,18,17,7101,0,0,1,0,0,0,0
777742,23-08-2017,23-08-2017,936,115735,35-39,M,64,69,68,4726,1,1.830000043,1,1,0.021159543,1.830000043,100
777758,24-08-2017,24-08-2017,936,115737,30-34,M,19,20,20,5209,1,0.959999979,2,0,0.019197543,0.959999979,200
777794,24-08-2017,24-08-2017,936,115743,30-34,M,18,23,24,13473,3,2.619999945,3,0,0.022266756,0.873333315,100
777816,23-08-2017,23-08-2017,936,115747,40-44,M,2,7,7,500,0,0,1,1,0,0,0
777871,23-08-2017,23-08-2017,936,115756,30-34,M,20,26,23,4616,1,1.360000014,1,0,0.021663778,1.360000014,100
777904,30-08-2017,30-08-2017,936,115762,30-34,M,31,32,33,3279,0,0,1,0,0,0,0
777905,30-08-2017,30-08-2017,936,115762,30-34,M,31,36,36,3288,0,0,1,0,0,0,0
778037,28-08-2017,28-08-2017,936,115784,35-39,M,27,29,28,14615,4,6.050000191,1,0,0.027369141,1.512500048,25
778048,28-08-2017,28-08-2017,936,115786,30-34,M,27,28,29,56615,12,19.88000035,2,0,0.021195796,1.656666696,16.66666667
778085,28-08-2017,28-08-2017,936,115792,30-34,M,26,32,31,11735,3,4.529999971,1,1,0.02556455,1.50999999,33.33333333
778087,28-08-2017,28-08-2017,936,115792,30-34,M,26,30,32,15910,5,6.779999852,1,0,0.031426776,1.35599997,20
778112,28-08-2017,28-08-2017,936,115796,35-39,M,29,33,35,11446,2,3.090000033,1,1,0.017473353,1.545000017,50
778113,28-08-2017,28-08-2017,936,115796,35-39,M,29,35,35,4595,0,0,1,0,0,0,0
778124,28-08-2017,28-08-2017,936,115798,30-34,M,29,34,32,4871,0,0,1,0,0,0,0
778148,28-08-2017,28-08-2017,936,115802,35-39,M,28,32,30,3199,0,0,1,0,0,0,0
778156,28-08-2017,28-08-2017,936,115804,30-34,M,28,32,31,9388,2,3.140000105,1,0,0.021303792,1.570000053,50
778161,27-08-2017,27-08-2017,936,115804,30-34,M,28,31,33,17954,6,7.5400002,2,1,0.033418737,1.2566667,33.33333333
778208,27-08-2017,27-08-2017,936,115812,40-44,F,29,32,32,2755,0,0,1,0,0,0,0
778264,27-08-2017,27-08-2017,936,115822,40-44,F,27,31,30,8152,1,0.99000001,1,0,0.012266928,0.99000001,100
778266,27-08-2017,27-08-2017,936,115822,40-44,F,27,32,28,74542,19,34.1500001,1,0,0.025488986,1.797368426,5.263157895
778421,27-08-2017,27-08-2017,936,115848,40-44,F,20,21,23,6699,2,3.090000033,1,0,0.029855202,1.545000017,50
778422,27-08-2017,27-08-2017,936,115848,40-44,F,20,25,24,11911,4,3.959999919,1,0,0.033582403,0.98999998,25
778461,27-08-2017,27-08-2017,936,115854,40-44,M,29,35,33,10090,2,2.650000095,1,1,0.019821606,1.325000048,50
778471,27-08-2017,27-08-2017,936,115856,30-34,M,32,35,36,1273,0,0,1,1,0,0,0
778483,27-08-2017,27-08-2017,936,115858,40-44,F,18,24,20,24188,5,8.179999828,1,0,0.020671407,1.635999966,20
778529,27-08-2017,27-08-2017,936,115866,30-34,M,31,35,33,2214,0,0,1,0,0,0,0
778556,28-08-2017,28-08-2017,936,115870,40-44,M,32,35,38,9735,4,4.130000114,1,1,0.041088855,1.032500029,25
778590,28-08-2017,28-08-2017,936,115876,30-34,M,30,36,36,1371,0,0,1,1,0,0,0
778600,29-08-2017,29-08-2017,936,115878,40-44,F,22,23,25,10750,4,5.389999866,1,0,0.037209302,1.347499967,25
778626,29-08-2017,29-08-2017,936,115882,30-34,M,29,33,35,7629,1,0.720000029,1,1,0.013107878,0.720000029,100
778628,29-08-2017,29-08-2017,936,115882,30-34,M,29,35,30,4608,0,0,1,0,0,0,0
778674,29-08-2017,29-08-2017,936,115890,35-39,M,29,31,30,3732,0,0,1,0,0,0,0
778689,30-08-2017,30-08-2017,936,115892,30-34,M,28,32,32,7453,1,1.679999948,1,1,0.013417416,1.679999948,100
778722,30-08-2017,30-08-2017,936,115898,35-39,F,64,70,67,41785,14,19.10000038,1,0,0.033504846,1.364285741,7.142857143
778737,30-08-2017,30-08-2017,936,115900,35-39,M,27,32,30,8077,2,3.579999924,1,1,0.024761669,1.789999962,50
778756,30-08-2017,30-08-2017,936,115904,35-39,F,63,65,65,5602,1,1.580000043,1,0,0.017850768,1.580000043,100
778804,30-08-2017,30-08-2017,936,115912,30-34,M,26,29,29,6184,2,2.75,1,1,0.032341527,1.375,50
778808,29-08-2017,29-08-2017,936,115912,30-34,M,26,28,29,1738,0,0,1,0,0,0,0
778964,29-08-2017,29-08-2017,936,115938,35-39,F,27,33,28,112460,25,41.29000068,1,0,0.022230126,1.651600027,4
779057,29-08-2017,29-08-2017,936,115954,40-44,M,15,21,21,4414,0,0,1,0,0,0,0
779106,28-08-2017,28-08-2017,936,115962,35-39,F,30,35,36,14670,7,9.410000324,1,0,0.047716428,1.344285761,14.28571429
779438,28-08-2017,28-08-2017,936,116031,30-34,F,64,66,69,33144,9,13.40999985,1,0,0.027154236,1.489999983,11.11111111
779453,29-08-2017,29-08-2017,936,116033,45-49,M,64,68,70,4397,1,0.949999988,1,0,0.022742779,0.949999988,100
779488,29-08-2017,29-08-2017,936,116039,45-49,M,65,68,69,1006,0,0,1,0,0,0,0
779573,29-08-2017,29-08-2017,936,116053,35-39,F,10,13,16,89527,24,32.28999996,1,0,0.026807555,1.345416665,4.166666667
779608,29-08-2017,29-08-2017,936,116059,35-39,F,15,18,16,2459,0,0,1,0,0,0,0
779609,29-08-2017,29-08-2017,936,116059,35-39,F,15,20,18,7116,2,1.730000019,1,1,0.028105677,0.86500001,50
779622,29-08-2017,29-08-2017,936,116061,30-34,F,15,18,17,8613,1,0.889999986,2,0,0.011610356,0.889999986,200
779631,19-08-2017,19-08-2017,936,116063,35-39,F,16,19,18,9730,1,1.379999995,1,0,0.010277492,1.379999995,100
779644,19-08-2017,19-08-2017,936,116065,30-34,F,16,20,20,51816,8,10.2299999,2,1,0.015439247,1.278749988,25
779645,22-08-2017,22-08-2017,936,116065,30-34,F,16,21,20,27289,3,4.429999828,1,0,0.010993441,1.476666609,33.33333333
779715,22-08-2017,22-08-2017,936,116077,30-34,F,29,32,33,20409,4,3.829999924,1,0,0.019599196,0.957499981,25
779716,22-08-2017,22-08-2017,936,116077,30-34,F,29,32,34,8044,1,1.110000014,1,0,0.012431626,1.110000014,100
779738,22-08-2017,22-08-2017,936,116081,30-34,F,28,32,33,15645,4,5.349999905,1,0,0.025567274,1.337499976,25
779778,22-08-2017,22-08-2017,936,116087,30-34,F,31,37,34,2466,0,0,2,2,0,0,0
779789,22-08-2017,22-08-2017,936,116089,45-49,M,10,14,13,11611,3,3.950000048,1,1,0.025837568,1.316666683,33.33333333
779824,22-08-2017,22-08-2017,936,116095,45-49,M,7,13,9,9375,3,4.019999981,1,0,0.032,1.339999994,33.33333333
779871,22-08-2017,22-08-2017,936,116103,30-34,F,32,37,34,4402,1,1.330000043,1,1,0.022716947,1.330000043,100
779918,22-08-2017,22-08-2017,936,116111,30-34,F,18,23,24,8469,2,3.089999914,1,0,0.023615539,1.544999957,50
779922,22-08-2017,22-08-2017,936,116111,30-34,F,18,22,24,5823,1,1.419999957,1,1,0.017173278,1.419999957,100
779944,21-08-2017,21-08-2017,936,116115,35-39,M,10,13,16,2549,0,0,1,0,0,0,0
779979,21-08-2017,21-08-2017,936,116121,35-39,M,16,17,21,25817,4,6.019999981,1,0,0.015493667,1.504999995,25
779995,21-08-2017,21-08-2017,936,116123,30-34,F,20,24,25,1961,0,0,1,0,0,0,0
780064,21-08-2017,21-08-2017,936,116135,30-34,F,22,24,25,2554,0,0,1,0,0,0,0
780104,21-08-2017,21-08-2017,936,116147,30-34,F,25,27,26,4971,1,1.230000019,1,1,0.020116677,1.230000019,100
780199,22-08-2017,22-08-2017,936,116163,35-39,F,23,28,27,1030,0,0,1,1,0,0,0
780318,22-08-2017,22-08-2017,936,116183,45-49,F,29,32,31,162341,56,77.07999969,3,0,0.034495291,1.376428566,5.357142857
780323,21-08-2017,21-08-2017,936,116183,45-49,F,29,35,34,24542,7,9.329999924,1,0,0.028522533,1.332857132,14.28571429
780486,21-08-2017,21-08-2017,936,116216,30-34,F,65,69,71,2879,0,0,1,1,0,0,0
780498,22-08-2017,22-08-2017,936,116218,30-34,F,64,65,68,13621,3,4.090000033,1,0,0.022024815,1.363333344,33.33333333
780511,23-08-2017,23-08-2017,936,116220,30-34,F,63,65,66,6175,1,1.370000005,2,1,0.016194332,1.370000005,200
780629,24-08-2017,24-08-2017,936,116240,30-34,F,28,34,34,2963,0,0,1,0,0,0,0
780653,24-08-2017,24-08-2017,936,116244,30-34,F,29,33,35,9076,1,1.379999995,1,1,0.01101807,1.379999995,100
780655,24-08-2017,24-08-2017,936,116244,30-34,F,29,33,34,20941,4,5.909999967,1,1,0.019101285,1.477499992,25
780666,24-08-2017,24-08-2017,936,116246,45-49,F,10,13,13,3462,0,0,1,0,0,0,0
780681,24-08-2017,24-08-2017,936,116248,30-34,F,26,29,29,4073,0,0,1,1,0,0,0
780700,18-08-2017,18-08-2017,936,116252,30-34,F,27,33,30,3745,0,0,1,0,0,0,0
780748,18-08-2017,18-08-2017,936,116265,30-34,F,24,26,28,830,0,0,1,0,0,0,0
780759,18-08-2017,18-08-2017,936,116267,45-49,F,18,24,22,2912,0,0,1,0,0,0,0
780760,24-08-2017,24-08-2017,936,116267,45-49,F,18,23,22,17167,5,6.910000086,1,0,0.029125648,1.382000017,20
780797,24-08-2017,24-08-2017,936,116273,30-34,F,22,25,25,24491,7,9.539999962,1,0,0.028581928,1.362857137,14.28571429
780799,23-08-2017,23-08-2017,936,116273,30-34,F,22,24,26,44699,13,17.30000037,2,0,0.029083425,1.330769259,15.38461538
780821,23-08-2017,23-08-2017,936,116277,30-34,F,23,24,25,6469,2,1.309999943,1,0,0.03091668,0.654999972,50
780830,23-08-2017,23-08-2017,936,116279,45-49,F,16,17,17,16053,3,4.079999924,1,1,0.018688096,1.359999975,33.33333333
780835,23-08-2017,23-08-2017,936,116279,45-49,F,16,21,21,54724,12,17.92999995,1,1,0.021928222,1.494166662,8.333333333
780867,23-08-2017,23-08-2017,936,116285,30-34,F,21,27,26,4706,1,1.220000029,1,0,0.021249469,1.220000029,100
780974,23-08-2017,23-08-2017,936,116303,40-44,F,32,38,36,8316,3,4.569999933,1,1,0.036075036,1.523333311,33.33333333
781066,23-08-2017,23-08-2017,936,116323,40-44,F,22,26,25,5794,2,2.269999981,1,0,0.034518467,1.134999991,50
781114,23-08-2017,23-08-2017,936,116331,40-44,F,18,24,22,4813,1,1.029999971,1,0,0.020777062,1.029999971,100
781159,23-08-2017,23-08-2017,936,116339,40-44,F,10,15,11,85285,26,36.13000035,1,0,0.030486017,1.389615398,3.846153846
781162,21-08-2017,21-08-2017,936,116339,40-44,F,10,11,13,5839,1,1.370000005,1,0,0.01712622,1.370000005,100
781175,21-08-2017,21-08-2017,936,116341,40-44,F,15,16,21,5859,1,1.539999962,1,0,0.017067759,1.539999962,100
781187,18-08-2017,18-08-2017,936,116343,40-44,F,16,22,19,164118,41,59.06999993,1,0,0.024982025,1.440731706,2.43902439
781195,18-08-2017,18-08-2017,936,116345,35-39,F,63,67,69,18234,6,7.810000062,1,0,0.032905561,1.301666677,16.66666667
781207,18-08-2017,18-08-2017,936,116347,35-39,F,64,67,70,2755,0,0,1,0,0,0,0
781303,19-08-2017,19-08-2017,936,116363,35-39,F,27,29,30,73676,20,28.5,1,0,0.027145882,1.425,5
781305,19-08-2017,19-08-2017,936,116363,35-39,F,27,30,28,18421,7,10.07999992,1,0,0.038000109,1.439999989,14.28571429
781327,19-08-2017,19-08-2017,936,116367,35-39,F,29,35,35,164754,49,67.97999978,2,1,0.029741311,1.387346934,4.081632653
781353,19-08-2017,19-08-2017,936,116371,35-39,F,10,13,15,7449,1,1.639999986,1,1,0.013424621,1.639999986,100
781354,19-08-2017,19-08-2017,936,116371,35-39,F,10,14,16,6424,1,0.529999971,1,0,0.015566625,0.529999971,100
781438,18-08-2017,18-08-2017,936,116385,30-34,M,63,65,68,2086,0,0,1,0,0,0,0
781470,18-08-2017,18-08-2017,936,116391,35-39,M,16,17,18,6016,0,0,1,0,0,0,0
781499,18-08-2017,18-08-2017,936,116395,35-39,M,15,21,20,6412,1,1.370000005,1,0,0.015595758,1.370000005,100
781508,24-08-2017,24-08-2017,936,116397,30-34,F,63,68,64,5040,1,1.440000057,1,0,0.01984127,1.440000057,100
781556,24-08-2017,24-08-2017,936,116405,30-34,F,32,37,36,1772,0,0,1,0,0,0,0
781559,18-08-2017,18-08-2017,936,116405,30-34,F,32,38,34,1783,0,0,1,0,0,0,0
781606,18-08-2017,18-08-2017,936,116413,35-39,M,20,21,24,8200,3,3.919999957,1,0,0.036585366,1.306666652,33.33333333
781690,18-08-2017,18-08-2017,936,116427,45-49,F,26,28,30,115896,38,49.44000006,1,0,0.032788017,1.301052633,2.631578947
781811,18-08-2017,18-08-2017,936,116447,35-39,F,16,17,22,10186,1,1.230000019,1,1,0.009817396,1.230000019,100
781857,18-08-2017,18-08-2017,936,116455,30-34,M,20,21,24,9134,3,4.180000067,2,0,0.032844318,1.393333356,66.66666667
781858,18-08-2017,18-08-2017,936,116455,30-34,M,20,25,22,3385,1,1.440000057,1,1,0.029542097,1.440000057,100
781907,19-08-2017,19-08-2017,936,116463,45-49,F,21,27,23,1314,0,0,1,0,0,0,0
781928,19-08-2017,19-08-2017,936,116467,30-34,M,18,21,22,2916,0,0,1,1,0,0,0
781929,20-08-2017,20-08-2017,936,116467,30-34,M,18,21,21,6142,1,1.330000043,1,0,0.016281342,1.330000043,100
781950,20-08-2017,20-08-2017,936,116471,30-34,F,20,26,21,1984,0,0,1,0,0,0,0
781999,20-08-2017,20-08-2017,936,116479,30-34,M,24,30,29,9142,3,3.749999881,1,0,0.032815576,1.24999996,33.33333333
782001,20-08-2017,20-08-2017,936,116479,30-34,M,24,30,28,5475,2,2.730000019,1,1,0.03652968,1.36500001,50
782022,20-08-2017,20-08-2017,936,116483,30-34,F,18,24,20,8254,2,2.320000052,1,1,0.024230676,1.160000026,50
782026,21-08-2017,21-08-2017,936,116483,30-34,F,18,24,20,5704,1,1.320000052,1,0,0.017531557,1.320000052,100
782130,21-08-2017,21-08-2017,936,116501,30-34,F,16,18,21,7301,0,0,1,0,0,0,0
782134,21-08-2017,21-08-2017,936,116501,30-34,F,16,19,21,37873,5,6.169999957,1,1,0.013202017,1.233999991,20
782135,20-08-2017,20-08-2017,936,116501,30-34,F,16,20,17,25267,4,4.940000057,2,1,0.015830926,1.235000014,50
782171,20-08-2017,20-08-2017,936,116507,30-34,F,30,31,32,535,0,0,1,0,0,0,0
782180,19-08-2017,19-08-2017,936,116509,30-34,M,29,34,30,3396,0,0,1,0,0,0,0
782219,19-08-2017,19-08-2017,936,116515,30-34,M,26,27,32,977,0,0,1,0,0,0,0
782228,19-08-2017,19-08-2017,936,116517,40-44,F,63,64,66,12318,5,6.340000153,1,1,0.040591005,1.268000031,20
782242,19-08-2017,19-08-2017,936,116519,30-34,F,28,34,31,4783,1,0.860000014,1,0,0.02090738,0.860000014,100
782275,19-08-2017,19-08-2017,936,116525,30-34,F,29,31,30,6475,1,1.350000024,1,0,0.015444015,1.350000024,100
782337,20-08-2017,20-08-2017,936,116535,45-49,F,16,18,19,104578,29,39.25000095,1,1,0.027730498,1.353448309,3.448275862
782407,20-08-2017,20-08-2017,936,116547,45-49,F,10,12,11,33664,11,12.51000035,1,0,0.032675856,1.137272759,9.090909091
782443,20-08-2017,20-08-2017,936,116553,40-44,F,20,25,24,979,0,0,1,0,0,0,0
782541,20-08-2017,20-08-2017,936,116569,40-44,F,28,29,30,7337,3,4.079999924,1,0,0.040888647,1.359999975,33.33333333
782587,18-08-2017,18-08-2017,936,116577,30-34,M,10,13,16,2499,0,0,1,0,0,0,0
782647,18-08-2017,18-08-2017,936,116587,40-44,F,27,33,30,11244,3,4.550000191,1,0,0.026680896,1.51666673,33.33333333
782658,23-08-2017,23-08-2017,936,116589,30-34,M,15,17,19,4827,0,0,1,0,0,0,0
782694,23-08-2017,23-08-2017,936,116595,35-39,F,29,31,35,29035,7,8.910000086,2,2,0.024108834,1.272857155,28.57142857
782706,23-08-2017,23-08-2017,936,116597,35-39,F,30,32,32,761,0,0,1,0,0,0,0
782754,23-08-2017,23-08-2017,936,116605,35-39,F,26,31,32,6532,1,1.610000014,1,0,0.015309247,1.610000014,100
782815,23-08-2017,23-08-2017,936,116615,40-44,F,10,16,15,11537,3,4.300000191,1,0,0.026003294,1.433333397,33.33333333
782816,23-08-2017,23-08-2017,936,116615,40-44,F,10,13,11,12183,3,2.869999945,1,0,0.024624477,0.956666648,33.33333333
782862,23-08-2017,23-08-2017,936,116623,35-39,F,64,70,67,5912,1,1.559999943,1,1,0.01691475,1.559999943,100
950068,23-08-2017,23-08-2017,936,123438,30-34,M,10,12,13,4012,1,1.570000052,1,0,0.024925224,1.570000052,100
950078,22-08-2017,22-08-2017,936,123440,30-34,M,16,22,17,12396,2,3.210000038,2,1,0.016134237,1.605000019,100
950079,22-08-2017,22-08-2017,936,123440,30-34,M,16,20,22,3142,0,0,2,2,0,0,0
950099,22-08-2017,22-08-2017,936,123443,30-34,M,18,23,23,1120,0,0,1,0,0,0,0
950109,22-08-2017,22-08-2017,936,123445,30-34,M,20,24,22,343,0,0,1,1,0,0,0
950170,22-08-2017,22-08-2017,936,123455,30-34,M,15,19,16,1720,0,0,1,1,0,0,0
950179,22-08-2017,22-08-2017,936,123457,30-34,M,16,22,19,3423,0,0,1,1,0,0,0
950182,22-08-2017,22-08-2017,936,123457,30-34,M,16,20,19,3242,0,0,1,0,0,0,0
950183,22-08-2017,22-08-2017,936,123457,30-34,M,16,22,19,15720,1,1.379999995,1,0,0.006361323,1.379999995,100
950200,22-08-2017,22-08-2017,936,123460,30-34,M,10,13,15,1217,0,0,1,1,0,0,0
950224,22-08-2017,22-08-2017,936,123464,40-44,M,20,21,23,2367,2,2.839999914,1,1,0.084495142,1.419999957,50
950326,22-08-2017,22-08-2017,936,123481,35-39,M,16,19,22,6607,1,1.320000052,2,0,0.015135462,1.320000052,200
950345,23-08-2017,23-08-2017,936,123484,30-34,M,64,66,65,616,0,0,1,0,0,0,0
950452,23-08-2017,23-08-2017,936,123502,45-49,M,16,22,22,5537,1,1.519999981,1,0,0.018060321,1.519999981,100
950463,19-08-2017,19-08-2017,936,123504,45-49,M,15,19,18,818,0,0,1,0,0,0,0
950495,19-08-2017,19-08-2017,936,123509,45-49,M,21,25,25,1909,1,0.980000019,1,0,0.052383447,0.980000019,100
950521,18-08-2017,18-08-2017,936,123514,30-34,M,21,27,25,351,0,0,1,0,0,0,0
950531,19-08-2017,19-08-2017,936,123515,45-49,M,22,24,26,572,0,0,1,0,0,0,0
950537,19-08-2017,19-08-2017,936,123516,40-44,M,36,41,40,1884,1,1.409999967,1,0,0.053078556,1.409999967,100
950550,19-08-2017,19-08-2017,936,123519,30-34,M,30,35,36,219,0,0,1,0,0,0,0
950577,19-08-2017,19-08-2017,936,123523,30-34,M,32,38,34,540,0,0,1,1,0,0,0
950578,19-08-2017,19-08-2017,936,123523,30-34,M,32,37,37,550,0,0,1,0,0,0,0
950595,18-08-2017,18-08-2017,936,123526,30-34,M,26,30,31,465,0,0,1,0,0,0,0
950609,18-08-2017,18-08-2017,936,123528,30-34,M,29,31,35,1761,0,0,1,1,0,0,0
950629,23-08-2017,23-08-2017,936,123532,30-34,M,65,67,68,152,0,0,1,1,0,0,0
950631,23-08-2017,23-08-2017,936,123532,30-34,M,65,70,70,152,0,0,1,1,0,0,0
950649,23-08-2017,23-08-2017,936,123535,30-34,M,64,67,70,429,0,0,1,0,0,0,0
950745,18-08-2017,18-08-2017,936,123551,30-34,M,29,32,31,1514,0,0,2,2,0,0,0
950770,18-08-2017,18-08-2017,936,123555,30-34,M,28,31,30,7780,3,4.329999924,2,2,0.038560411,1.443333308,66.66666667
950772,18-08-2017,18-08-2017,936,123556,35-39,M,28,30,33,460,0,0,1,0,0,0,0
950773,18-08-2017,18-08-2017,936,123556,35-39,M,28,29,32,471,0,0,1,0,0,0,0
950776,18-08-2017,18-08-2017,936,123556,35-39,M,28,29,32,2633,1,1.070000052,1,0,0.037979491,1.070000052,100
950787,18-08-2017,18-08-2017,936,123558,30-34,M,27,32,30,199,0,0,1,0,0,0,0
950808,22-08-2017,22-08-2017,936,123562,35-39,M,32,33,38,398,0,0,1,0,0,0,0
950839,22-08-2017,22-08-2017,936,123567,30-34,M,24,29,25,246,0,0,2,2,0,0,0
950878,19-08-2017,19-08-2017,936,123573,40-44,M,10,11,15,2967,1,1.5,1,1,0.033704078,1.5,100
950969,19-08-2017,19-08-2017,936,123588,45-49,M,36,38,40,255,0,0,1,0,0,0,0
951021,19-08-2017,19-08-2017,936,123597,30-34,F,7,13,9,457,0,0,1,1,0,0,0
951033,19-08-2017,19-08-2017,936,123599,30-34,F,10,13,13,5517,1,1.230000019,1,0,0.018125793,1.230000019,100
951035,19-08-2017,19-08-2017,936,123599,30-34,F,10,15,12,1539,0,0,1,1,0,0,0
951043,19-08-2017,19-08-2017,936,123601,30-34,F,16,22,17,3189,0,0,1,0,0,0,0
951045,19-08-2017,19-08-2017,936,123601,30-34,F,16,20,21,3348,0,0,1,0,0,0,0
951046,19-08-2017,19-08-2017,936,123601,30-34,F,16,18,17,20050,4,4.659999847,4,1,0.019950125,1.164999962,100
951102,19-08-2017,19-08-2017,936,123611,45-49,M,16,18,19,2254,0,0,1,0,0,0,0
951105,19-08-2017,19-08-2017,936,123611,45-49,M,16,20,21,5894,1,1.539999962,1,1,0.016966407,1.539999962,100
951133,18-08-2017,18-08-2017,936,123616,35-39,M,16,21,19,9948,2,2.720000029,2,0,0.020104544,1.360000015,100
951202,18-08-2017,18-08-2017,936,123627,45-49,F,26,29,28,5307,3,4.289999962,2,1,0.056529112,1.429999987,66.66666667
951225,18-08-2017,18-08-2017,936,123631,35-39,F,22,28,28,4621,2,3.25,1,1,0.043280675,1.625,50
951270,18-08-2017,18-08-2017,936,123639,35-39,F,18,21,19,784,0,0,1,1,0,0,0
951282,18-08-2017,18-08-2017,936,123641,35-39,F,16,22,17,5775,1,1.580000043,1,1,0.017316017,1.580000043,100
951285,19-08-2017,19-08-2017,936,123641,35-39,F,16,20,20,9297,2,2.619999886,2,1,0.021512316,1.309999943,100
951294,19-08-2017,19-08-2017,936,123643,35-39,F,15,16,17,699,0,0,1,0,0,0,0
951305,19-08-2017,19-08-2017,936,123644,35-39,F,10,12,13,1104,0,0,1,0,0,0,0
951334,18-08-2017,18-08-2017,936,123649,30-34,F,64,70,69,3717,1,1.539999962,1,0,0.026903417,1.539999962,100
951391,19-08-2017,19-08-2017,936,123659,30-34,F,28,29,33,2879,1,1.590000033,2,2,0.034734283,1.590000033,200
951392,20-08-2017,20-08-2017,936,123659,30-34,F,28,31,32,2749,1,1.389999986,1,0,0.036376864,1.389999986,100
951400,21-08-2017,21-08-2017,936,123660,45-49,F,10,12,15,24028,9,12.39000034,2,0,0.037456301,1.376666704,22.22222222
951402,21-08-2017,21-08-2017,936,123661,30-34,F,29,32,31,1118,0,0,1,1,0,0,0
951413,21-08-2017,21-08-2017,936,123662,30-34,F,26,29,27,1083,0,0,2,1,0,0,0
951420,21-08-2017,21-08-2017,936,123664,30-34,F,27,33,32,843,0,0,1,0,0,0,0
951444,21-08-2017,21-08-2017,936,123668,30-34,F,25,28,26,2983,1,0.970000029,1,0,0.033523299,0.970000029,100
951448,22-08-2017,22-08-2017,936,123668,30-34,F,25,30,28,696,0,0,1,0,0,0,0
951462,21-08-2017,21-08-2017,936,123671,45-49,F,16,20,19,7589,2,3.150000095,1,1,0.026353933,1.575000048,50
951464,21-08-2017,21-08-2017,936,123671,45-49,F,16,17,21,20997,10,11.94999981,1,0,0.047625851,1.194999981,10
951465,21-08-2017,21-08-2017,936,123671,45-49,F,16,18,17,4617,1,1.360000014,1,0,0.021659086,1.360000014,100
951498,21-08-2017,21-08-2017,936,123677,45-49,F,20,22,21,259,0,0,1,0,0,0,0
951508,21-08-2017,21-08-2017,936,123678,30-34,F,18,21,22,1134,0,0,1,0,0,0,0
951542,20-08-2017,20-08-2017,936,123684,40-44,F,27,32,28,357,0,0,1,0,0,0,0
951607,20-08-2017,20-08-2017,936,123695,40-44,F,10,15,15,848,0,0,1,1,0,0,0
951608,20-08-2017,20-08-2017,936,123695,40-44,F,10,15,13,3149,1,1.480000019,1,0,0.031756113,1.480000019,100
951641,20-08-2017,20-08-2017,936,123700,40-44,F,2,4,7,87,0,0,1,1,0,0,0
951677,20-08-2017,20-08-2017,936,123706,35-39,F,27,28,31,2563,1,1.480000019,1,0,0.039016777,1.480000019,100
951692,21-08-2017,21-08-2017,936,123709,35-39,F,10,15,14,1107,0,0,1,0,0,0,0
951715,20-08-2017,20-08-2017,936,123713,45-49,F,64,65,65,10677,5,7.269999981,1,0,0.046829634,1.453999996,20
951756,20-08-2017,20-08-2017,936,123720,35-39,F,22,25,26,2189,1,0.409999996,1,0,0.04568296,0.409999996,100
951779,20-08-2017,20-08-2017,936,123723,45-49,F,27,32,29,3277,2,2.680000067,1,0,0.061031431,1.340000034,50
951782,24-08-2017,24-08-2017,936,123724,45-49,F,26,30,29,781,0,0,1,0,0,0,0
951810,24-08-2017,24-08-2017,936,123729,35-39,F,16,17,22,2226,0,0,1,0,0,0,0
951812,29-08-2017,29-08-2017,936,123729,35-39,F,16,18,18,16274,4,6.079999924,2,0,0.024579083,1.519999981,50
951837,29-08-2017,29-08-2017,936,123733,45-49,F,20,23,23,2077,1,1.50999999,1,1,0.048146365,1.50999999,100
951853,29-08-2017,29-08-2017,936,123736,30-34,F,20,23,25,529,0,0,0,0,0,0,
951854,25-08-2017,25-08-2017,936,123736,30-34,F,20,26,25,487,0,0,1,0,0,0,0
951856,25-08-2017,25-08-2017,936,123736,30-34,F,20,23,21,4626,2,2.099999905,2,0,0.043233895,1.049999953,100
951941,25-08-2017,25-08-2017,936,123750,30-34,F,28,33,34,2764,1,1.559999943,1,1,0.03617945,1.559999943,100
952001,25-08-2017,25-08-2017,936,123760,45-49,F,10,12,13,5447,2,2.960000038,1,0,0.036717459,1.480000019,50
952031,25-08-2017,25-08-2017,936,123765,40-44,F,16,17,17,28169,8,12.36999989,1,1,0.028400014,1.546249986,12.5
952080,29-08-2017,29-08-2017,936,123774,40-44,F,27,30,30,415,0,0,1,0,0,0,0
952100,29-08-2017,29-08-2017,936,123777,35-39,F,29,31,30,810,0,0,1,1,0,0,0
1121091,28-08-2017,28-08-2017,1178,144531,30-34,M,10,11,15,1194718,141,254.049996,28,14,0.011801948,1.801773021,19.85815603
1121092,28-08-2017,28-08-2017,1178,144531,30-34,M,10,12,11,637648,67,122.4,13,5,0.010507365,1.826865672,19.40298507
1121094,28-08-2017,28-08-2017,1178,144531,30-34,M,10,16,15,24362,0,0,1,1,0,0,0
1121095,28-08-2017,28-08-2017,1178,144531,30-34,M,10,16,12,459690,50,86.33000112,5,2,0.010876895,1.726600022,10
1121096,28-08-2017,28-08-2017,1178,144531,30-34,M,10,11,16,750060,86,161.9099991,11,2,0.011465749,1.882674408,12.79069767
1121097,29-08-2017,29-08-2017,1178,144532,30-34,M,15,18,18,30068,1,1.820000052,1,0,0.003325795,1.820000052,100
1121098,29-08-2017,29-08-2017,1178,144532,30-34,M,15,18,21,1267550,123,236.7699986,24,10,0.009703759,1.924959338,19.51219512
1121100,29-08-2017,29-08-2017,1178,144532,30-34,M,15,20,17,3052003,340,639.9499981,60,17,0.011140225,1.882205877,17.64705882
1121101,28-08-2017,28-08-2017,1178,144532,30-34,M,15,17,21,29945,1,1.590000033,2,1,0.003339456,1.590000033,200
1121102,25-08-2017,25-08-2017,1178,144532,30-34,M,15,18,20,357856,30,52.97000015,7,3,0.00838326,1.765666672,23.33333333
1121104,25-08-2017,25-08-2017,1178,144533,30-34,M,16,20,20,2080666,202,360.1500015,40,21,0.00970843,1.7829208,19.8019802
1121105,26-08-2017,26-08-2017,1178,144533,30-34,M,16,22,19,145999,9,16.5200001,5,2,0.006164426,1.835555567,55.55555556
1121107,26-08-2017,26-08-2017,1178,144533,30-34,M,16,17,19,32616,1,1.539999962,2,0,0.00306598,1.539999962,200
1121108,26-08-2017,26-08-2017,1178,144533,30-34,M,16,20,18,984521,95,163.8999972,26,14,0.009649362,1.725263128,27.36842105
1121110,26-08-2017,26-08-2017,1178,144534,30-34,M,18,20,22,880814,123,210.3600006,6,2,0.013964356,1.710243907,4.87804878
1121111,26-08-2017,26-08-2017,1178,144534,30-34,M,18,19,21,182452,20,35.73000026,4,1,0.010961787,1.786500013,20
1121113,27-08-2017,27-08-2017,1178,144534,30-34,M,18,24,24,894911,120,215.8399994,7,4,0.013409155,1.798666662,5.833333333
1121114,27-08-2017,27-08-2017,1178,144534,30-34,M,18,23,23,31349,2,3.800000072,1,0,0.006379789,1.900000036,50
1121115,26-08-2017,26-08-2017,1178,144535,30-34,M,19,21,21,410310,55,96.80000055,3,0,0.013404499,1.76000001,5.454545455
1121116,26-08-2017,26-08-2017,1178,144535,30-34,M,19,20,24,572450,89,157.329998,7,4,0.015547209,1.767752787,7.865168539
1121117,26-08-2017,26-08-2017,1178,144535,30-34,M,19,24,25,98759,15,26.56999946,1,1,0.015188489,1.771333297,6.666666667
1121119,25-08-2017,25-08-2017,1178,144535,30-34,M,19,21,22,345371,54,93.08999991,7,3,0.01563536,1.723888887,12.96296296
1121121,25-08-2017,25-08-2017,1178,144536,30-34,M,20,22,25,323899,46,78.9200002,5,1,0.014201958,1.715652178,10.86956522
1121122,25-08-2017,25-08-2017,1178,144536,30-34,M,20,21,25,399199,58,103.1500002,3,0,0.014529095,1.778448279,5.172413793
1121123,25-08-2017,25-08-2017,1178,144536,30-34,M,20,24,22,171202,22,36.53000021,3,1,0.012850317,1.660454555,13.63636364
1121124,26-08-2017,26-08-2017,1178,144536,30-34,M,20,26,24,128386,15,28.85000002,2,1,0.011683517,1.923333335,13.33333333
1121125,26-08-2017,26-08-2017,1178,144536,30-34,M,20,26,24,1034284,152,257.7099986,20,9,0.014696157,1.695460517,13.15789474
1121126,26-08-2017,26-08-2017,1178,144536,30-34,M,20,21,24,45923,5,7.220000148,2,0,0.01088779,1.44400003,40
1121127,26-08-2017,26-08-2017,1178,144537,30-34,M,21,23,22,40873,4,7.899999976,2,1,0.009786412,1.974999994,50
1121128,26-08-2017,26-08-2017,1178,144537,30-34,M,21,26,22,286553,34,62.06000042,2,1,0.01186517,1.82529413,5.882352941
1121129,28-08-2017,28-08-2017,1178,144537,30-34,M,21,25,25,20618,1,2.099999905,2,1,0.004850131,2.099999905,200
1121131,28-08-2017,28-08-2017,1178,144537,30-34,M,21,27,25,83591,7,14.14000046,2,2,0.008374107,2.020000066,28.57142857
1121132,21-08-2017,21-08-2017,1178,144537,30-34,M,21,23,27,114923,12,23.73000026,4,2,0.010441774,1.977500022,33.33333333
1121133,21-08-2017,21-08-2017,1178,144538,30-34,M,22,25,23,25002,1,1.710000038,1,0,0.00399968,1.710000038,100
1121134,21-08-2017,21-08-2017,1178,144538,30-34,M,22,27,28,68905,5,9.440000057,1,0,0.007256367,1.888000011,20
1121136,21-08-2017,21-08-2017,1178,144538,30-34,M,22,26,26,169588,16,27.79999924,1,0,0.00943463,1.737499953,6.25
1121138,21-08-2017,21-08-2017,1178,144538,30-34,M,22,26,24,328991,35,67.65000057,5,2,0.010638589,1.932857159,14.28571429
1121141,21-08-2017,21-08-2017,1178,144539,30-34,M,23,29,27,23198,2,2.980000019,1,0,0.008621433,1.49000001,50
1121142,21-08-2017,21-08-2017,1178,144539,30-34,M,23,24,27,26890,2,3.24000001,1,0,0.007437709,1.620000005,50
1121143,21-08-2017,21-08-2017,1178,144539,30-34,M,23,28,27,221695,31,52.26000011,5,2,0.013983175,1.685806455,16.12903226
1121152,20-08-2017,20-08-2017,1178,144541,30-34,M,24,29,28,88443,7,13.0400002,1,1,0.007914702,1.862857171,14.28571429
1121153,20-08-2017,20-08-2017,1178,144541,30-34,M,24,27,30,187856,23,38.38999975,5,1,0.01224342,1.669130424,21.73913043
1121164,19-08-2017,19-08-2017,1178,144545,30-34,M,25,31,30,570699,80,138.7699997,9,2,0.014017897,1.734624996,11.25
1121167,19-08-2017,19-08-2017,1178,144545,30-34,M,25,29,31,1063508,145,260.3800013,23,7,0.013634124,1.795724147,15.86206897
1121168,19-08-2017,19-08-2017,1178,144545,30-34,M,25,27,28,50523,6,8.549999952,1,0,0.011875779,1.424999992,16.66666667
1121172,20-08-2017,20-08-2017,1178,144547,30-34,M,26,30,28,87935,9,15.63000023,1,0,0.010234833,1.736666692,11.11111111
1121173,20-08-2017,20-08-2017,1178,144547,30-34,M,26,31,32,278225,33,60.19999957,3,0,0.011860904,1.824242411,9.090909091
1121175,20-08-2017,20-08-2017,1178,144547,30-34,M,26,28,29,209461,20,34.19000006,1,0,0.009548317,1.709500003,5
1121177,20-08-2017,20-08-2017,1178,144547,30-34,M,26,28,29,26316,2,3.24000001,3,0,0.007599939,1.620000005,150
1121181,20-08-2017,20-08-2017,1178,144549,30-34,M,27,32,29,41030,3,5.140000105,2,1,0.007311723,1.713333368,66.66666667
1121182,20-08-2017,20-08-2017,1178,144549,30-34,M,27,28,33,876671,120,216.5599982,22,4,0.013688145,1.804666652,18.33333333
1121183,21-08-2017,21-08-2017,1178,144549,30-34,M,27,32,29,399392,53,93.07000041,5,0,0.013270171,1.756037744,9.433962264
1121184,22-08-2017,22-08-2017,1178,144549,30-34,M,27,31,29,283858,30,56.05999923,1,0,0.010568665,1.868666641,3.333333333
1121185,23-08-2017,23-08-2017,1178,144549,30-34,M,27,28,29,260699,31,54.09999871,5,2,0.011891108,1.745161249,16.12903226
1121193,23-08-2017,23-08-2017,1178,144552,30-34,M,28,34,29,57781,5,7.800000072,2,1,0.008653364,1.560000014,40
1121195,23-08-2017,23-08-2017,1178,144552,30-34,M,28,34,33,38757,3,5.220000029,1,0,0.007740537,1.74000001,33.33333333
1121196,23-08-2017,23-08-2017,1178,144552,30-34,M,28,29,29,1392288,206,358.5500029,31,7,0.014795789,1.740533995,15.04854369
1121197,23-08-2017,23-08-2017,1178,144552,30-34,M,28,30,32,1109387,159,280.9899995,13,2,0.014332239,1.767232701,8.176100629
1121202,28-08-2017,28-08-2017,1178,144554,30-34,M,29,32,34,581281,65,115.1200008,10,5,0.011182199,1.771076935,15.38461538
1121203,23-08-2017,23-08-2017,1178,144554,30-34,M,29,35,33,1048861,128,219.770002,22,8,0.012203714,1.716953141,17.1875
1121205,23-08-2017,23-08-2017,1178,144554,30-34,M,29,32,30,297452,30,52.01999986,4,1,0.010085661,1.733999995,13.33333333
1121206,23-08-2017,23-08-2017,1178,144554,30-34,M,29,34,31,227925,22,35.30999994,22,12,0.009652298,1.604999997,100
1121207,23-08-2017,23-08-2017,1178,144554,30-34,M,29,34,31,374175,38,63.32000101,8,3,0.010155676,1.666315816,21.05263158
1121211,23-08-2017,23-08-2017,1178,144556,30-34,M,30,32,31,223586,32,54.24000037,1,0,0.014312166,1.695000012,3.125
1121213,22-08-2017,22-08-2017,1178,144556,30-34,M,30,31,35,283170,39,65.22999996,2,1,0.013772645,1.672564102,5.128205128
1121215,22-08-2017,22-08-2017,1178,144556,30-34,M,30,31,34,41636,3,4.210000038,1,0,0.007205303,1.403333346,33.33333333
1121216,22-08-2017,22-08-2017,1178,144556,30-34,M,30,32,34,198658,30,48.60999978,8,1,0.01510133,1.620333326,26.66666667
1121220,22-08-2017,22-08-2017,1178,144558,30-34,M,31,37,35,100596,10,13.91999972,4,2,0.009940753,1.391999972,40
1121223,22-08-2017,22-08-2017,1178,144558,30-34,M,31,37,35,64020,5,11.0599997,1,0,0.007810059,2.21199994,20
1121224,23-08-2017,23-08-2017,1178,144558,30-34,M,31,32,33,14289,0,0,1,0,0,0,0
1121229,22-08-2017,22-08-2017,1178,144561,30-34,M,32,36,37,404866,43,87.42000079,4,0,0.010620798,2.033023274,9.302325581
1121231,22-08-2017,22-08-2017,1178,144561,30-34,M,32,36,35,22256,1,1.659999967,1,1,0.00449317,1.659999967,100
1121233,22-08-2017,22-08-2017,1178,144561,30-34,M,32,34,36,57690,4,6.74000001,1,0,0.006933611,1.685000003,25
1121241,27-08-2017,27-08-2017,1178,144562,30-34,M,36,40,37,24952,5,8.220000267,3,2,0.020038474,1.644000053,60
1121242,27-08-2017,27-08-2017,1178,144562,30-34,M,36,37,39,38900,3,5.580000043,1,0,0.007712082,1.860000014,33.33333333
1121243,22-08-2017,22-08-2017,1178,144562,30-34,M,36,42,42,53520,6,9.2299999,1,1,0.011210762,1.538333317,16.66666667
1121244,22-08-2017,22-08-2017,1178,144562,30-34,M,36,41,41,181683,20,34.22999972,2,1,0.011008185,1.711499986,10
1121245,22-08-2017,22-08-2017,1178,144562,30-34,M,36,37,40,29185,2,3.149999976,1,0,0.006852835,1.574999988,50
1121246,22-08-2017,22-08-2017,1178,144562,30-34,M,36,41,38,105047,13,20.2099994,3,1,0.012375413,1.554615338,23.07692308
1121250,22-08-2017,22-08-2017,1178,144565,30-34,M,63,67,64,287976,31,59.43999982,3,2,0.010764786,1.917419349,9.677419355
1121251,23-08-2017,23-08-2017,1178,144565,30-34,M,63,65,69,212175,22,38.58999968,2,1,0.010368799,1.754090895,9.090909091
1121252,23-08-2017,23-08-2017,1178,144565,30-34,M,63,69,67,11139,0,0,1,1,0,0,0
1121254,22-08-2017,22-08-2017,1178,144565,30-34,M,63,64,65,124005,11,21.84999979,4,1,0.00887061,1.986363617,36.36363636
1121255,22-08-2017,22-08-2017,1178,144565,30-34,M,63,64,67,20423,1,1.960000038,1,0,0.00489644,1.960000038,100
1121261,22-08-2017,22-08-2017,1178,144567,30-34,M,64,67,65,103001,14,22.32000005,1,0,0.013592101,1.594285718,7.142857143
1121262,30-08-2017,30-08-2017,1178,144567,30-34,M,64,66,67,447420,66,110.2399991,7,2,0.01475124,1.670303017,10.60606061
1121263,30-08-2017,30-08-2017,1178,144567,30-34,M,64,66,69,156101,19,29.75000048,2,2,0.012171607,1.565789499,10.52631579
1121264,30-08-2017,30-08-2017,1178,144567,30-34,M,64,70,67,93015,12,18.47000015,1,0,0.012901145,1.539166679,8.333333333
1121265,22-08-2017,22-08-2017,1178,144568,30-34,M,65,70,68,145398,23,36.24000025,1,0,0.015818649,1.575652185,4.347826087
1121269,22-08-2017,22-08-2017,1178,144568,30-34,M,65,67,67,296413,50,76.43999958,3,1,0.016868356,1.528799992,6
1121273,22-08-2017,22-08-2017,1178,144569,30-34,M,2,4,4,9370,0,0,1,1,0,0,0
1121274,22-08-2017,22-08-2017,1178,144569,30-34,M,2,4,7,63785,7,11.80000019,6,2,0.010974367,1.685714313,85.71428571
1121275,22-08-2017,22-08-2017,1178,144569,30-34,M,2,8,3,118522,14,26.81999981,2,1,0.011812153,1.915714272,14.28571429
1121276,22-08-2017,22-08-2017,1178,144569,30-34,M,2,5,5,240123,38,65.67000115,5,4,0.015825223,1.728157925,13.15789474
1121277,23-08-2017,23-08-2017,1178,144570,30-34,M,7,9,13,169108,20,32.24000025,2,1,0.011826762,1.612000013,10
1121278,23-08-2017,23-08-2017,1178,144570,30-34,M,7,13,10,1044442,142,245.5999999,22,8,0.013595777,1.729577464,15.49295775
1121279,24-08-2017,24-08-2017,1178,144570,30-34,M,7,10,13,93891,11,17.6400001,5,3,0.011715713,1.603636373,45.45454545
1121282,24-08-2017,24-08-2017,1178,144570,30-34,M,7,11,10,185823,25,38.54999936,4,1,0.013453663,1.541999974,16
1121284,24-08-2017,24-08-2017,1178,144571,30-34,M,66,68,70,175631,23,40.75999951,1,0,0.013095638,1.772173892,4.347826087
1121285,24-08-2017,24-08-2017,1178,144571,30-34,M,66,68,70,37187,4,6.370000005,1,0,0.010756447,1.592500001,25
1121286,24-08-2017,24-08-2017,1178,144571,30-34,M,66,67,69,10991,0,0,1,0,0,0,0
1121287,24-08-2017,24-08-2017,1178,144571,30-34,M,66,69,69,344618,51,89.76000047,3,1,0.014798995,1.760000009,5.882352941
1121289,24-08-2017,24-08-2017,1178,144572,35-39,M,10,14,13,98066,9,16.1500001,1,0,0.009177493,1.794444456,11.11111111
1121290,24-08-2017,24-08-2017,1178,144572,35-39,M,10,13,12,770749,100,189.1299984,13,3,0.012974392,1.891299984,13
1121291,24-08-2017,24-08-2017,1178,144572,35-39,M,10,16,14,52553,5,8.529999852,1,0,0.009514205,1.70599997,20
1121292,23-08-2017,23-08-2017,1178,144572,35-39,M,10,15,16,362296,39,67.77000129,7,3,0.010764679,1.737692341,17.94871795
1121293,23-08-2017,23-08-2017,1178,144572,35-39,M,10,16,13,427729,50,96.8999989,4,1,0.011689645,1.937999978,8
1121296,23-08-2017,23-08-2017,1178,144573,35-39,M,15,17,19,180351,21,37.13000011,1,1,0.011643961,1.768095243,4.761904762
1121297,23-08-2017,23-08-2017,1178,144573,35-39,M,15,16,16,187329,29,53.15999961,2,1,0.015480785,1.833103435,6.896551724
1121300,23-08-2017,23-08-2017,1178,144573,35-39,M,15,16,17,782894,118,192.9299995,5,2,0.015072283,1.634999996,4.237288136
1121302,23-08-2017,23-08-2017,1178,144574,35-39,M,16,17,22,1206533,128,236.1199988,17,6,0.01060891,1.844687491,13.28125
1121303,23-08-2017,23-08-2017,1178,144574,35-39,M,16,19,21,84494,7,12.57000017,2,0,0.008284612,1.79571431,28.57142857
1121304,23-08-2017,23-08-2017,1178,144574,35-39,M,16,17,20,94257,7,12.5800004,1,1,0.007426504,1.797142914,14.28571429
1121309,23-08-2017,23-08-2017,1178,144575,35-39,M,18,24,20,131060,16,28.04999959,2,1,0.012208149,1.753124974,12.5
1121310,23-08-2017,23-08-2017,1178,144575,35-39,M,18,21,19,341603,50,83.48000121,4,2,0.014636874,1.669600024,8
1121311,30-08-2017,30-08-2017,1178,144575,35-39,M,18,20,24,140749,19,30.4799999,1,1,0.013499208,1.604210521,5.263157895
1121312,30-08-2017,30-08-2017,1178,144575,35-39,M,18,19,21,102525,13,20.29999983,2,1,0.012679834,1.561538448,15.38461538
1121316,28-08-2017,28-08-2017,1178,144576,35-39,M,19,23,23,447952,68,131.5799983,8,1,0.015180198,1.934999975,11.76470588
1121317,28-08-2017,28-08-2017,1178,144576,35-39,M,19,25,23,76355,9,14.62999988,2,0,0.011787047,1.625555542,22.22222222
1121319,28-08-2017,28-08-2017,1178,144577,35-39,M,20,26,26,256598,38,64.46999931,6,1,0.014809157,1.696578929,15.78947368
1121321,28-08-2017,28-08-2017,1178,144577,35-39,M,20,21,21,127476,21,30.15000057,3,2,0.016473689,1.435714313,14.28571429
1121322,28-08-2017,28-08-2017,1178,144577,35-39,M,20,22,24,237603,37,62.25000024,5,2,0.015572194,1.682432439,13.51351351
1121327,28-08-2017,28-08-2017,1178,144578,35-39,M,21,22,22,271091,42,78.03999984,3,1,0.015492953,1.858095234,7.142857143
1121330,28-08-2017,28-08-2017,1178,144578,35-39,M,21,23,22,21743,2,3.400000095,1,0,0.009198363,1.700000048,50
1121333,28-08-2017,28-08-2017,1178,144579,35-39,M,22,25,25,88970,10,14.8300004,2,0,0.011239744,1.48300004,20
1121334,28-08-2017,28-08-2017,1178,144579,35-39,M,22,24,26,108362,13,22.42999983,1,1,0.011996825,1.725384602,7.692307692
1121335,28-08-2017,28-08-2017,1178,144579,35-39,M,22,25,23,188596,27,44.14000034,3,0,0.014316316,1.634814827,11.11111111
1121336,27-08-2017,27-08-2017,1178,144579,35-39,M,22,24,24,275080,43,69.65999997,4,3,0.015631816,1.619999999,9.302325581
1121337,27-08-2017,27-08-2017,1178,144580,35-39,M,23,28,28,64647,10,16.26999998,1,0,0.015468622,1.626999998,10
1121338,27-08-2017,27-08-2017,1178,144580,35-39,M,23,27,24,31265,4,5.789999902,1,0,0.012793859,1.447499976,25
1121340,27-08-2017,27-08-2017,1178,144580,35-39,M,23,27,28,140147,24,42.08000016,2,0,0.017124876,1.75333334,8.333333333
1121341,27-08-2017,27-08-2017,1178,144580,35-39,M,23,26,27,223120,40,67.66999984,1,0,0.017927573,1.691749996,2.5
1121342,28-08-2017,28-08-2017,1178,144580,35-39,M,23,29,27,104869,18,34.07000089,1,0,0.017164272,1.892777827,5.555555556
1121344,28-08-2017,28-08-2017,1178,144581,35-39,M,24,27,27,165177,23,41.71999967,4,1,0.013924457,1.813913029,17.39130435
1121345,27-08-2017,27-08-2017,1178,144581,35-39,M,24,29,29,84194,11,19.56999981,1,0,0.013065064,1.779090892,9.090909091
1121347,27-08-2017,27-08-2017,1178,144581,35-39,M,24,25,28,220581,31,57.37,1,1,0.014053794,1.850645161,3.225806452
1121350,29-08-2017,29-08-2017,1178,144582,35-39,M,25,27,31,75804,10,17.36999965,2,1,0.013191916,1.736999965,20
1121352,29-08-2017,29-08-2017,1178,144582,35-39,M,25,30,29,368986,59,100.289999,0,0,0.015989767,1.699830492,0
1121353,30-08-2017,30-08-2017,1178,144582,35-39,M,25,30,27,28194,3,3.709999919,2,0,0.010640562,1.23666664,66.66666667
1121355,29-08-2017,29-08-2017,1178,144583,35-39,M,26,29,27,99961,14,23.2099998,1,0,0.014005462,1.657857129,7.142857143
1121359,29-08-2017,29-08-2017,1178,144583,35-39,M,26,28,27,7573,0,0,1,0,0,0,0
1121361,30-08-2017,30-08-2017,1178,144584,35-39,M,27,28,33,685781,103,177.8899992,10,1,0.015019372,1.727087371,9.708737864
1121364,30-08-2017,30-08-2017,1178,144584,35-39,M,27,30,28,274222,43,66.7700001,2,1,0.015680726,1.5527907,4.651162791
1121365,30-08-2017,30-08-2017,1178,144584,35-39,M,27,33,31,110503,25,32.67999995,4,0,0.02262382,1.307199998,16
1121367,30-08-2017,30-08-2017,1178,144585,35-39,M,28,31,29,1447755,233,420.5799983,11,8,0.016093883,1.80506437,4.721030043
1121368,30-08-2017,30-08-2017,1178,144585,35-39,M,28,33,31,358987,52,87.55000067,1,0,0.014485204,1.683653859,1.923076923
1121369,30-08-2017,30-08-2017,1178,144585,35-39,M,28,33,31,826205,125,232.3700008,5,1,0.015129417,1.858960006,4
1121370,29-08-2017,29-08-2017,1178,144585,35-39,M,28,33,32,550954,84,150.1400012,3,0,0.015246282,1.787380967,3.571428571
1121372,29-08-2017,29-08-2017,1178,144585,35-39,M,28,34,34,378350,55,96.48000073,4,0,0.014536805,1.754181831,7.272727273
1121373,29-08-2017,29-08-2017,1178,144586,35-39,M,29,32,33,492784,56,95.5100013,7,4,0.011364005,1.705535738,12.5
1121374,29-08-2017,29-08-2017,1178,144586,35-39,M,29,34,35,327158,43,72.3100003,6,2,0.013143496,1.681627914,13.95348837
1121375,29-08-2017,29-08-2017,1178,144586,35-39,M,29,31,35,9921,0,0,1,0,0,0,0
1121377,29-08-2017,29-08-2017,1178,144586,35-39,M,29,34,30,59390,5,9.209999919,5,3,0.008418926,1.841999984,100
1121378,29-08-2017,29-08-2017,1178,144586,35-39,M,29,33,33,1040330,147,254.2500038,13,2,0.014130132,1.729591863,8.843537415
1121379,29-08-2017,29-08-2017,1178,144587,35-39,M,30,31,35,49422,6,11.17000031,1,0,0.012140342,1.861666718,16.66666667
1121380,29-08-2017,29-08-2017,1178,144587,35-39,M,30,35,32,131091,18,34.23000026,3,1,0.01373092,1.901666681,16.66666667
1121381,29-08-2017,29-08-2017,1178,144587,35-39,M,30,31,36,95691,15,25.26000011,1,1,0.015675455,1.684000007,6.666666667
1121390,29-08-2017,29-08-2017,1178,144588,35-39,M,31,32,36,15513,1,1.289999962,1,0,0.006446206,1.289999962,100
1121391,20-08-2017,20-08-2017,1178,144589,35-39,M,32,33,33,382537,63,113.9900012,4,3,0.016468995,1.809365098,6.349206349
1121394,20-08-2017,20-08-2017,1178,144589,35-39,M,32,37,33,461356,64,121.0999982,6,3,0.013872151,1.892187472,9.375
1121395,23-08-2017,23-08-2017,1178,144589,35-39,M,32,38,34,392541,53,98.70000017,3,2,0.013501774,1.862264154,5.660377358
1121398,23-08-2017,23-08-2017,1178,144590,35-39,M,36,39,38,35088,5,8.800000072,1,1,0.014249886,1.760000014,20
1121400,23-08-2017,23-08-2017,1178,144590,35-39,M,36,38,41,53933,6,9.929999948,3,1,0.011124914,1.654999991,50
1121403,24-08-2017,24-08-2017,1178,144591,35-39,M,63,65,68,228861,33,53.38999939,4,2,0.014419233,1.617878769,12.12121212
1121405,24-08-2017,24-08-2017,1178,144591,35-39,M,63,66,69,20959,2,3.769999981,1,1,0.00954244,1.884999991,50
1121410,24-08-2017,24-08-2017,1178,144592,35-39,M,64,68,70,24992,2,3.190000057,1,0,0.008002561,1.595000029,50
1121411,24-08-2017,24-08-2017,1178,144592,35-39,M,64,70,65,100351,15,24.17999995,2,1,0.014947534,1.611999997,13.33333333
1121412,24-08-2017,24-08-2017,1178,144592,35-39,M,64,68,70,292448,43,76.89999968,2,1,0.014703469,1.788372086,4.651162791
1121413,23-08-2017,23-08-2017,1178,144592,35-39,M,64,67,69,65060,7,14.5200001,1,1,0.010759299,2.074285729,14.28571429
1121414,23-08-2017,23-08-2017,1178,144592,35-39,M,64,70,66,133316,21,36.17000055,2,0,0.015752048,1.722380979,9.523809524
1121415,23-08-2017,23-08-2017,1178,144593,35-39,M,65,66,71,113501,26,38.44000077,5,4,0.022907287,1.478461568,19.23076923
1121418,23-08-2017,23-08-2017,1178,144593,35-39,M,65,71,70,192810,41,61.92999995,4,3,0.021264457,1.510487804,9.756097561
1121421,21-08-2017,21-08-2017,1178,144594,35-39,M,2,8,6,233404,43,70.4100008,2,1,0.018422992,1.637441879,4.651162791
1121422,23-08-2017,23-08-2017,1178,144594,35-39,M,2,7,7,128843,24,37.5999999,2,0,0.018627322,1.566666663,8.333333333
1121423,23-08-2017,23-08-2017,1178,144594,35-39,M,2,5,7,63564,12,20.59000027,2,0,0.018878611,1.715833356,16.66666667
1121425,23-08-2017,23-08-2017,1178,144594,35-39,M,2,8,7,85970,14,24.78000021,1,1,0.01628475,1.770000015,7.142857143
1121428,23-08-2017,23-08-2017,1178,144595,35-39,M,7,9,13,131232,16,29.53999937,1,1,0.012192148,1.846249961,6.25
1121429,23-08-2017,23-08-2017,1178,144595,35-39,M,7,13,9,152454,22,37.84999979,1,1,0.014430582,1.720454536,4.545454545
1121430,23-08-2017,23-08-2017,1178,144595,35-39,M,7,10,9,28989,2,2.290000021,1,0,0.006899169,1.145000011,50
1121433,24-08-2017,24-08-2017,1178,144596,35-39,M,66,69,72,80248,15,24.1900003,1,1,0.018692055,1.612666687,6.666666667
1121437,24-08-2017,24-08-2017,1178,144596,35-39,M,66,68,68,38580,5,8.519999981,1,0,0.012960083,1.703999996,20
1121439,25-08-2017,25-08-2017,1178,144597,40-44,M,10,11,15,621591,91,163.36,5,1,0.014639852,1.795164835,5.494505495
1121440,25-08-2017,25-08-2017,1178,144597,40-44,M,10,15,11,250499,36,58.14000005,3,1,0.014371315,1.615000001,8.333333333
1121442,25-08-2017,25-08-2017,1178,144597,40-44,M,10,15,14,131637,18,29.30999982,2,1,0.013673967,1.628333323,11.11111111
1121443,25-08-2017,25-08-2017,1178,144597,40-44,M,10,12,15,463813,69,116.3399996,4,2,0.014876685,1.686086951,5.797101449
1121444,25-08-2017,25-08-2017,1178,144597,40-44,M,10,13,12,211767,35,60.89999914,5,1,0.016527599,1.739999975,14.28571429
1121446,25-08-2017,25-08-2017,1178,144598,40-44,M,15,17,17,163181,26,40.02000093,1,1,0.015933228,1.539230805,3.846153846
1121451,25-08-2017,25-08-2017,1178,144599,40-44,M,16,20,18,1117385,147,260.0699984,11,2,0.013155716,1.769183663,7.482993197
1121452,25-08-2017,25-08-2017,1178,144599,40-44,M,16,21,22,1663441,205,359.4700001,17,6,0.012323852,1.753512196,8.292682927
1121453,25-08-2017,25-08-2017,1178,144599,40-44,M,16,18,17,455248,54,105.7099996,5,2,0.011861667,1.957592585,9.259259259
1121454,25-08-2017,25-08-2017,1178,144599,40-44,M,16,22,20,75589,6,10.66000009,1,1,0.007937663,1.776666682,16.66666667
1121455,24-08-2017,24-08-2017,1178,144599,40-44,M,16,21,22,594267,82,143.3000009,3,2,0.013798511,1.747560987,3.658536585
1121456,24-08-2017,24-08-2017,1178,144599,40-44,M,16,22,22,315281,35,65.02999854,1,0,0.011101208,1.857999958,2.857142857
1121464,24-08-2017,24-08-2017,1178,144601,40-44,M,19,23,25,363456,71,117.5599997,7,1,0.019534689,1.655774644,9.85915493
1121466,24-08-2017,24-08-2017,1178,144601,40-44,M,19,23,25,438983,81,143.4300001,3,1,0.01845174,1.770740742,3.703703704
1121467,24-08-2017,24-08-2017,1178,144601,40-44,M,19,20,24,42563,5,9.659999847,1,1,0.011747292,1.931999969,20
1121469,25-08-2017,25-08-2017,1178,144602,40-44,M,20,26,21,399035,75,124.7999995,7,3,0.018795344,1.663999993,9.333333333
1121471,24-08-2017,24-08-2017,1178,144602,40-44,M,20,21,26,304680,59,98.55000019,3,0,0.019364579,1.670338986,5.084745763
1121472,24-08-2017,24-08-2017,1178,144602,40-44,M,20,21,25,140596,23,40.77000022,1,0,0.016358929,1.772608705,4.347826087
1121473,24-08-2017,24-08-2017,1178,144602,40-44,M,20,25,22,439986,80,134.8799999,4,3,0.018182397,1.685999999,5
1121474,21-08-2017,21-08-2017,1178,144602,40-44,M,20,26,26,75803,11,19.3599999,2,2,0.014511299,1.759999991,18.18181818
1121477,21-08-2017,21-08-2017,1178,144603,40-44,M,21,27,22,7073,0,0,1,0,0,0,0
1121481,19-08-2017,19-08-2017,1178,144604,40-44,M,22,27,25,153586,28,43.01000035,2,0,0.018230828,1.536071441,7.142857143
1121482,19-08-2017,19-08-2017,1178,144604,40-44,M,22,24,24,180815,31,42.62999976,1,0,0.017144595,1.375161283,3.225806452
1121483,19-08-2017,19-08-2017,1178,144604,40-44,M,22,26,23,253169,51,75.78999984,1,0,0.020144646,1.486078428,1.960784314
1121484,19-08-2017,19-08-2017,1178,144604,40-44,M,22,28,27,34453,5,7.710000038,1,1,0.014512524,1.542000008,20
1121487,19-08-2017,19-08-2017,1178,144605,40-44,M,23,25,26,51550,8,14.03999984,1,0,0.015518914,1.75499998,12.5
1121489,19-08-2017,19-08-2017,1178,144605,40-44,M,23,28,24,110018,24,39.85999966,1,0,0.021814612,1.660833319,4.166666667
1121493,19-08-2017,19-08-2017,1178,144606,40-44,M,24,28,30,137584,21,36.77999961,1,0,0.015263403,1.751428553,4.761904762
1121497,19-08-2017,19-08-2017,1178,144606,40-44,M,24,25,27,209825,30,54.86999953,1,0,0.014297629,1.828999984,3.333333333
1121499,19-08-2017,19-08-2017,1178,144607,40-44,M,25,27,31,264222,63,87.7899996,1,1,0.023843586,1.393492057,1.587301587
1121510,19-08-2017,19-08-2017,1178,144608,40-44,M,26,30,31,31202,5,6.730000019,1,0,0.016024614,1.346000004,20
1121511,18-08-2017,18-08-2017,1178,144609,40-44,M,27,29,32,252991,49,76.83999932,3,0,0.019368278,1.568163251,6.12244898
1121514,18-08-2017,18-08-2017,1178,144609,40-44,M,27,31,30,56265,9,15.53999972,1,0,0.015995734,1.726666636,11.11111111
1121523,18-08-2017,18-08-2017,1178,144611,40-44,M,29,32,34,76923,11,17.67000008,2,2,0.014300014,1.606363644,18.18181818
1121524,18-08-2017,18-08-2017,1178,144611,40-44,M,29,30,35,209332,30,49.60000014,3,1,0.014331301,1.653333338,10
1121525,18-08-2017,18-08-2017,1178,144611,40-44,M,29,32,33,214094,31,53.26999903,1,0,0.014479621,1.718387065,3.225806452
1121526,19-08-2017,19-08-2017,1178,144611,40-44,M,29,35,32,526209,85,126.9299996,3,2,0.016153278,1.493294113,3.529411765
1121527,19-08-2017,19-08-2017,1178,144611,40-44,M,29,35,35,741143,120,179.620001,4,1,0.016191207,1.496833342,3.333333333
1121528,19-08-2017,19-08-2017,1178,144611,40-44,M,29,33,31,172827,25,38.42000043,2,0,0.014465332,1.536800017,8
1121530,19-08-2017,19-08-2017,1178,144612,40-44,M,30,36,33,188873,38,58.5999999,1,1,0.020119339,1.542105261,2.631578947
1121532,19-08-2017,19-08-2017,1178,144612,40-44,M,30,35,32,123126,25,39.72999978,2,1,0.020304404,1.589199991,8
1121535,20-08-2017,20-08-2017,1178,144613,40-44,M,31,33,32,77794,14,19.11000001,1,1,0.017996246,1.365000001,7.142857143
1121541,21-08-2017,21-08-2017,1178,144614,40-44,M,32,33,37,56630,9,15.81000018,1,1,0.015892636,1.756666687,11.11111111
1121544,21-08-2017,21-08-2017,1178,144614,40-44,M,32,33,36,400844,85,140.9700022,4,2,0.021205257,1.658470614,4.705882353
1121545,20-08-2017,20-08-2017,1178,144614,40-44,M,32,33,35,208572,36,60.76000023,2,1,0.017260227,1.687777784,5.555555556
1121548,21-08-2017,21-08-2017,1178,144615,40-44,M,36,38,37,59004,8,13.51000011,1,0,0.013558403,1.688750014,12.5
1121551,21-08-2017,21-08-2017,1178,144615,40-44,M,36,40,39,196253,32,55.10000002,1,0,0.016305483,1.721875001,3.125
1121554,21-08-2017,21-08-2017,1178,144616,40-44,M,63,64,66,51858,8,12.63000011,1,1,0.015426742,1.578750014,12.5
1121557,21-08-2017,21-08-2017,1178,144616,40-44,M,63,68,64,280764,49,81.36000025,2,1,0.01745238,1.660408168,4.081632653
1121561,21-08-2017,21-08-2017,1178,144617,40-44,M,64,69,70,63660,11,16.47000003,1,1,0.017279296,1.49727273,9.090909091
1121562,20-08-2017,20-08-2017,1178,144617,40-44,M,64,65,67,109289,19,31.02999997,1,0,0.017385098,1.633157893,5.263157895
1121568,20-08-2017,20-08-2017,1178,144618,40-44,M,65,70,70,188440,40,60.72999966,2,1,0.021226916,1.518249991,5
1121571,20-08-2017,20-08-2017,1178,144619,40-44,M,2,3,5,212496,44,74.83000135,2,1,0.020706272,1.700681849,4.545454545
1121572,20-08-2017,20-08-2017,1178,144619,40-44,M,2,6,3,32574,5,7.480000019,1,0,0.015349665,1.496000004,20
1121575,20-08-2017,20-08-2017,1178,144619,40-44,M,2,4,5,128595,23,36.4800005,1,1,0.01788561,1.586086978,4.347826087
1121577,20-08-2017,20-08-2017,1178,144620,40-44,M,7,9,11,242234,48,68.06000054,2,0,0.01981555,1.417916678,4.166666667
1121584,20-08-2017,20-08-2017,1178,144621,40-44,M,66,67,67,33154,5,7.879999995,1,1,0.015081137,1.575999999,20
1121585,20-08-2017,20-08-2017,1178,144621,40-44,M,66,72,68,9773,1,1.460000038,1,0,0.010232273,1.460000038,100
1121589,20-08-2017,20-08-2017,1178,144622,45-49,M,10,16,11,464036,77,123.5500004,3,1,0.01659354,1.60454546,3.896103896
1121590,20-08-2017,20-08-2017,1178,144622,45-49,M,10,16,15,478480,75,135.7500012,3,1,0.015674636,1.810000016,4
1121592,20-08-2017,20-08-2017,1178,144622,45-49,M,10,14,11,428812,66,116.8800001,4,2,0.01539136,1.770909092,6.060606061
1121593,26-08-2017,26-08-2017,1178,144622,45-49,M,10,16,16,1177535,221,365.6600009,15,3,0.01876802,1.65457014,6.787330317
,,,,,,,,,,,,,,,,,
,,,,,,,,,,,,,,,,,
,,,,,,,,,,,,,,,,,
,,,,,,,,,,,,,,,,,
,,,,,,,,,,,,,,,,,
,,,,,,,,,,,,,,,,,
,,,,,,,,,,,,,,,,,
,,,,,,,,,,,,,,,,,
,,,,,,,,,,,,,,,,,
,,,,,,,,,,,,,,,,,
,,,,,,,,,,,,,,,,,
,,,,,,,,,,,,,,,,,
,,,,,,,,,,,,,,,,,
,,,,,,,,,,,,,,,,,
,,,,,,,,,,,,,,,,,
,,,,,,,,,,,,,,,,,
,,,,,,,,,,,,,,,,,
,,,,,,,,,,,,,,,,,
,,,,,,,,,,,,,,,,,
,,,,,,,,,,,,,,,,,
,,,,,,,,,,,,,,,,,
,,,,,,,,,,,,,,,,,
,,,,,,,,,,,,,,,,,
,,,,,,,,,,,,,,,,,
,,,,,,,,,,,,,,,,,
,,,,,,,,,,,,,,,,,
,,,,,,,,,,,,,,,,,
,,,,,,,,,,,,,,,,,
,,,,,,,,,,,,,,,,,
,,,,,,,,,,,,,,,,,
,,,,,,,,,,,,,,,,,
,,,,,,,,,,,,,,,,,
,,,,,,,,,,,,,,,,,
,,,,,,,,,,,,,,,,,
,,,,,,,,,,,,,,,,,
,,,,,,,,,,,,,,,,,
,,,,,,,,,,,,,,,,,
,,,,,,,,,,,,,,,,,
,,,,,,,,,,,,,,,,,
,,,,,,,,,,,,,,,,,
,,,,,,,,,,,,,,,,,
,,,,,,,,,,,,,,,,,
,,,,,,,,,,,,,,,,,
,,,,,,,,,,,,,,,,,
,,,,,,,,,,,,,,,,,
,,,,,,,,,,,,,,,,,
,,,,,,,,,,,,,,,,,
,,,,,,,,,,,,,,,,,
,,,,,,,,,,,,,,,,,
,,,,,,,,,,,,,,,,,
,,,,,,,,,,,,,,,,,
,,,,,,,,,,,,,,,,,
,,,,,,,,,,,,,,,,,
,,,,,,,,,,,,,,,,,
,,,,,,,,,,,,,,,,,
,,,,,,,,,,,,,,,,,
,,,,,,,,,,,,,,,,,
,,,,,,,,,,,,,,,,,
,,,,,,,,,,,,,,,,,
,,,,,,,,,,,,,,,,,
,,,,,,,,,,,,,,,,,
,,,,,,,,,,,,,,,,,
,,,,,,,,,,,,,,,,,
,,,,,,,,,,,,,,,,,
,,,,,,,,,,,,,,,,,
,,,,,,,,,,,,,,,,,
,,,,,,,,,,,,,,,,,
,,,,,,,,,,,,,,,,,
,,,,,,,,,,,,,,,,,
,,,,,,,,,,,,,,,,,
,,,,,,,,,,,,,,,,,
,,,,,,,,,,,,,,,,,
,,,,,,,,,,,,,,,,,
,,,,,,,,,,,,,,,,,
,,,,,,,,,,,,,,,,,
,,,,,,,,,,,,,,,,,
,,,,,,,,,,,,,,,,,
,,,,,,,,,,,,,,,,,
,,,,,,,,,,,,,,,,,
,,,,,,,,,,,,,,,,,
,,,,,,,,,,,,,,,,,
,,,,,,,,,,,,,,,,,
,,,,,,,,,,,,,,,,,
,,,,,,,,,,,,,,,,,
,,,,,,,,,,,,,,,,,
,,,,,,,,,,,,,,,,,
,,,,,,,,,,,,,,,,,
,,,,,,,,,,,,,,,,,
,,,,,,,,,,,,,,,,,
,,,,,,,,,,,,,,,,,
,,,,,,,,,,,,,,,,,
,,,,,,,,,,,,,,,,,
,,,,,,,,,,,,,,,,,
,,,,,,,,,,,,,,,,,
,,,,,,,,,,,,,,,,,
,,,,,,,,,,,,,,,,,
,,,,,,,,,,,,,,,,,
,,,,,,,,,,,,,,,,,
,,,,,,,,,,,,,,,,,
,,,,,,,,,,,,,,,,,
,,,,,,,,,,,,,,,,,
,,,,,,,,,,,,,,,,,
,,,,,,,,,,,,,,,,,
,,,,,,,,,,,,,,,,,
,,,,,,,,,,,,,,,,,
,,,,,,,,,,,,,,,,,
,,,,,,,,,,,,,,,,,
,,,,,,,,,,,,,,,,,
,,,,,,,,,,,,,,,,,
,,,,,,,,,,,,,,,,,
,,,,,,,,,,,,,,,,,
,,,,,,,,,,,,,,,,,
,,,,,,,,,,,,,,,,,
,,,,,,,,,,,,,,,,,
,,,,,,,,,,,,,,,,,
,,,,,,,,,,,,,,,,,
,,,,,,,,,,,,,,,,,
,,,,,,,,,,,,,,,,,
,,,,,,,,,,,,,,,,,
,,,,,,,,,,,,,,,,,
,,,,,,,,,,,,,,,,,
,,,,,,,,,,,,,,,,,
,,,,,,,,,,,,,,,,,
,,,,,,,,,,,,,,,,,
,,,,,,,,,,,,,,,,,
,,,,,,,,,,,,,,,,,
,,,,,,,,,,,,,,,,,
,,,,,,,,,,,,,,,,,
,,,,,,,,,,,,,,,,,
,,,,,,,,,,,,,,,,,
,,,,,,,,,,,,,,,,,
,,,,,,,,,,,,,,,,,
,,,,,,,,,,,,,,,,,
,,,,,,,,,,,,,,,,,
,,,,,,,,,,,,,,,,,
,,,,,,,,,,,,,,,,,
,,,,,,,,,,,,,,,,,
,,,,,,,,,,,,,,,,,
,,,,,,,,,,,,,,,,,
,,,,,,,,,,,,,,,,,
,,,,,,,,,,,,,,,,,
,,,,,,,,,,,,,,,,,
,,,,,,,,,,,,,,,,,
,,,,,,,,,,,,,,,,,
,,,,,,,,,,,,,,,,,
,,,,,,,,,,,,,,,,,
,,,,,,,,,,,,,,,,,
,,,,,,,,,,,,,,,,,
,,,,,,,,,,,,,,,,,
,,,,,,,,,,,,,,,,,
,,,,,,,,,,,,,,,,,
,,,,,,,,,,,,,,,,,
,,,,,,,,,,,,,,,,,
,,,,,,,,,,,,,,,,,
,,,,,,,,,,,,,,,,,
,,,,,,,,,,,,,,,,,
,,,,,,,,,,,,,,,,,
,,,,,,,,,,,,,,,,,
,,,,,,,,,,,,,,,,,
,,,,,,,,,,,,,,,,,
,,,,,,,,,,,,,,,,,
,,,,,,,,,,,,,,,,,
,,,,,,,,,,,,,,,,,
,,,,,,,,,,,,,,,,,
,,,,,,,,,,,,,,,,,
,,,,,,,,,,,,,,,,,
,,,,,,,,,,,,,,,,,
,,,,,,,,,,,,,,,,,
,,,,,,,,,,,,,,,,,
,,,,,,,,,,,,,,,,,
,,,,,,,,,,,,,,,,,
,,,,,,,,,,,,,,,,,
,,,,,,,,,,,,,,,,,
,,,,,,,,,,,,,,,,,
,,,,,,,,,,,,,,,,,
,,,,,,,,,,,,,,,,,
,,,,,,,,,,,,,,,,,
,,,,,,,,,,,,,,,,,
,,,,,,,,,,,,,,,,,
,,,,,,,,,,,,,,,,,
,,,,,,,,,,,,,,,,,
,,,,,,,,,,,,,,,,,
,,,,,,,,,,,,,,,,,
,,,,,,,,,,,,,,,,,
,,,,,,,,,,,,,,,,,
,,,,,,,,,,,,,,,,,
,,,,,,,,,,,,,,,,,
,,,,,,,,,,,,,,,,,
,,,,,,,,,,,,,,,,,
,,,,,,,,,,,,,,,,,
,,,,,,,,,,,,,,,,,
,,,,,,,,,,,,,,,,,
,,,,,,,,,,,,,,,,,
,,,,,,,,,,,,,,,,,
,,,,,,,,,,,,,,,,,
,,,,,,,,,,,,,,,,,
,,,,,,,,,,,,,,,,,
,,,,,,,,,,,,,,,,,
,,,,,,,,,,,,,,,,,
,,,,,,,,,,,,,,,,,
,,,,,,,,,,,,,,,,,
,,,,,,,,,,,,,,,,,
,,,,,,,,,,,,,,,,,
,,,,,,,,,,,,,,,,,
,,,,,,,,,,,,,,,,,
,,,,,,,,,,,,,,,,,
,,,,,,,,,,,,,,,,,
,,,,,,,,,,,,,,,,,
,,,,,,,,,,,,,,,,,
,,,,,,,,,,,,,,,,,
,,,,,,,,,,,,,,,,,
,,,,,,,,,,,,,,,,,
,,,,,,,,,,,,,,,,,
,,,,,,,,,,,,,,,,,
,,,,,,,,,,,,,,,,,
,,,,,,,,,,,,,,,,,
,,,,,,,,,,,,,,,,,
,,,,,,,,,,,,,,,,,
,,,,,,,,,,,,,,,,,
,,,,,,,,,,,,,,,,,
,,,,,,,,,,,,,,,,,
,,,,,,,,,,,,,,,,,
,,,,,,,,,,,,,,,,,
,,,,,,,,,,,,,,,,,
,,,,,,,,,,,,,,,,,
,,,,,,,,,,,,,,,,,
,,,,,,,,,,,,,,,,,
,,,,,,,,,,,,,,,,,
,,,,,,,,,,,,,,,,,
,,,,,,,,,,,,,,,,,
,,,,,,,,,,,,,,,,,
,,,,,,,,,,,,,,,,,
,,,,,,,,,,,,,,,,,
,,,,,,,,,,,,,,,,,
,,,,,,,,,,,,,,,,,
,,,,,,,,,,,,,,,,,
,,,,,,,,,,,,,,,,,
,,,,,,,,,,,,,,,,,
,,,,,,,,,,,,,,,,,
,,,,,,,,,,,,,,,,,
,,,,,,,,,,,,,,,,,
,,,,,,,,,,,,,,,,,
,,,,,,,,,,,,,,,,,
,,,,,,,,,,,,,,,,,
,,,,,,,,,,,,,,,,,
,,,,,,,,,,,,,,,,,
,,,,,,,,,,,,,,,,,
,,,,,,,,,,,,,,,,,
,,,,,,,,,,,,,,,,,
,,,,,,,,,,,,,,,,,
,,,,,,,,,,,,,,,,,
,,,,,,,,,,,,,,,,,
,,,,,,,,,,,,,,,,,
,,,,,,,,,,,,,,,,,
,,,,,,,,,,,,,,,,,
,,,,,,,,,,,,,,,,,
,,,,,,,,,,,,,,,,,
,,,,,,,,,,,,,,,,,
,,,,,,,,,,,,,,,,,
,,,,,,,,,,,,,,,,,
,,,,,,,,,,,,,,,,,
,,,,,,,,,,,,,,,,,
,,,,,,,,,,,,,,,,,
,,,,,,,,,,,,,,,,,
,,,,,,,,,,,,,,,,,
,,,,,,,,,,,,,,,,,
,,,,,,,,,,,,,,,,,
,,,,,,,,,,,,,,,,,
,,,,,,,,,,,,,,,,,
,,,,,,,,,,,,,,,,,
,,,,,,,,,,,,,,,,,
,,,,,,,,,,,,,,,,,
,,,,,,,,,,,,,,,,,
,,,,,,,,,,,,,,,,,
,,,,,,,,,,,,,,,,,
,,,,,,,,,,,,,,,,,
,,,,,,,,,,,,,,,,,
,,,,,,,,,,,,,,,,,
,,,,,,,,,,,,,,,,,
,,,,,,,,,,,,,,,,,
,,,,,,,,,,,,,,,,,
,,,,,,,,,,,,,,,,,
,,,,,,,,,,,,,,,,,
,,,,,,,,,,,,,,,,,
,,,,,,,,,,,,,,,,,
,,,,,,,,,,,,,,,,,
,,,,,,,,,,,,,,,,,
,,,,,,,,,,,,,,,,,
,,,,,,,,,,,,,,,,,
,,,,,,,,,,,,,,,,,
,,,,,,,,,,,,,,,,,
,,,,,,,,,,,,,,,,,
,,,,,,,,,,,,,,,,,
,,,,,,,,,,,,,,,,,
,,,,,,,,,,,,,,,,,
,,,,,,,,,,,,,,,,,
,,,,,,,,,,,,,,,,,
,,,,,,,,,,,,,,,,,
,,,,,,,,,,,,,,,,,
,,,,,,,,,,,,,,,,,
,,,,,,,,,,,,,,,,,
,,,,,,,,,,,,,,,,,
,,,,,,,,,,,,,,,,,
,,,,,,,,,,,,,,,,,
,,,,,,,,,,,,,,,,,
,,,,,,,,,,,,,,,,,
,,,,,,,,,,,,,,,,,
,,,,,,,,,,,,,,,,,
,,,,,,,,,,,,,,,,,
,,,,,,,,,,,,,,,,,
,,,,,,,,,,,,,,,,,
,,,,,,,,,,,,,,,,,
,,,,,,,,,,,,,,,,,
,,,,,,,,,,,,,,,,,
,,,,,,,,,,,,,,,,,
,,,,,,,,,,,,,,,,,
,,,,,,,,,,,,,,,,,
,,,,,,,,,,,,,,,,,
,,,,,,,,,,,,,,,,,
,,,,,,,,,,,,,,,,,
,,,,,,,,,,,,,,,,,
,,,,,,,,,,,,,,,,,
,,,,,,,,,,,,,,,,,
,,,,,,,,,,,,,,,,,
,,,,,,,,,,,,,,,,,
,,,,,,,,,,,,,,,,,
,,,,,,,,,,,,,,,,,
,,,,,,,,,,,,,,,,,
,,,,,,,,,,,,,,,,,
,,,,,,,,,,,,,,,,,
,,,,,,,,,,,,,,,,,
,,,,,,,,,,,,,,,,,
,,,,,,,,,,,,,,,,,
,,,,,,,,,,,,,,,,,
,,,,,,,,,,,,,,,,,
,,,,,,,,,,,,,,,,,
,,,,,,,,,,,,,,,,,
,,,,,,,,,,,,,,,,,
,,,,,,,,,,,,,,,,,
,,,,,,,,,,,,,,,,,
,,,,,,,,,,,,,,,,,
,,,,,,,,,,,,,,,,,
,,,,,,,,,,,,,,,,,
,,,,,,,,,,,,,,,,,
,,,,,,,,,,,,,,,,,
,,,,,,,,,,,,,,,,,
,,,,,,,,,,,,,,,,,
,,,,,,,,,,,,,,,,,
,,,,,,,,,,,,,,,,,
,,,,,,,,,,,,,,,,,
,,,,,,,,,,,,,,,,,
,,,,,,,,,,,,,,,,,
,,,,,,,,,,,,,,,,,
,,,,,,,,,,,,,,,,,
,,,,,,,,,,,,,,,,,
,,,,,,,,,,,,,,,,,
,,,,,,,,,,,,,,,,,
,,,,,,,,,,,,,,,,,
,,,,,,,,,,,,,,,,,
,,,,,,,,,,,,,,,,,
,,,,,,,,,,,,,,,,,
,,,,,,,,,,,,,,,,,
,,,,,,,,,,,,,,,,,
,,,,,,,,,,,,,,,,,
,,,,,,,,,,,,,,,,,
,,,,,,,,,,,,,,,,,
,,,,,,,,,,,,,,,,,
,,,,,,,,,,,,,,,,,
,,,,,,,,,,,,,,,,,
,,,,,,,,,,,,,,,,,
,,,,,,,,,,,,,,,,,
,,,,,,,,,,,,,,,,,
,,,,,,,,,,,,,,,,,
,,,,,,,,,,,,,,,,,
,,,,,,,,,,,,,,,,,
,,,,,,,,,,,,,,,,,
,,,,,,,,,,,,,,,,,
,,,,,,,,,,,,,,,,,
,,,,,,,,,,,,,,,,,
,,,,,,,,,,,,,,,,,
,,,,,,,,,,,,,,,,,
,,,,,,,,,,,,,,,,,
